adNumber,price,city,adType,model,subModel,productionDate,km,hand,createdAt,updatedAt,rebouncedAt,listingType,number_of_years,km_per_year,description,link,make,hp
65286109,64900,באר שבע,commercial,דאסטר,4X4 Laureate ידני בנזין 1.3 (131 כ״ס),2020-06-01,85000,2,2025-02-27,2025-03-28,2025-03-28,commercial,4.82135523613963,17629.9,"דגם 4X4 המבוקש,ווגרירה,מולטימדיה,מנוע חזק וחסכוני,התחייבותלבדיקה
רכב שמור בעל היסטוריה טיפולים מסודרת  
נהג יחיד בכל תכופה הליסינג
עד 100% מימון ללא מקדמה
 אפשרות לתשלום בצי'קים
טרייד אין על הרכב הישן במחיר משתלם במיוחד

החישוב של סכום עסקה התשלומים הינו קרן בלבד .חישוב הריבית הסופי יחשב על ידי הגוף מממן
",https://www.yad2.co.il/vehicles/item/f549kldv,דאצ'יה,131
53242231,0,עפולה,commercial,דאסטר,4X4 Laureate ידני דיזל 1.5 (109 כ״ס),2019-01-01,155000,1,2025-01-29,2025-03-28,2025-03-28,commercial,6.236824093086927,24852.39,"בלו סקאי חברת הרכב מהמובילות בישראל בפריסה ארצית, בחברתנו תמצאו מגוון גדול של רכבים חדשים ומשומשים אפשרויות מימון עד 100%
בנוסף עסקת ליסינג חשבונית מס מוכרת חודשית אפשרות טרייד אין לכל סוגי הרכבים אחריות ושקיפות מלאה 
כתבותינו בוויז: הבנים 33 עפולה",https://www.yad2.co.il/vehicles/item/4v8t5bnk,דאצ'יה,109
51948222,55000,חדרה,commercial,דאסטר,4X2 Prestige אוט׳ דיזל 1.5 (109 כ״ס) [2018-2019],2018-08-01,1800,1,2025-03-15,2025-03-28,2025-03-28,commercial,6.655715263518139,270.44,"דאצ'יה, דאסטר, בצבע לבן, שנת 2018, 1800 ק""מ",https://www.yad2.co.il/vehicles/item/i9p9l3j7,דאצ'יה,109
61486085,76755,,commercial,דאסטר,4X2 Laureate ידני בנזין 1.3 (131 כ״ס) [2021-2025],2022-02-01,44132,1,2025-02-13,2025-03-28,2025-03-28,commercial,3.1512662559890487,14004.53,"טרייד מוביל. הטרייד אין הרשמי של יבואני הרכב , מגוון רחב של מכוניות מיד פרטית ראשונה , אפשרויות טרייד אין ומימון לרכישת רכב.",https://www.yad2.co.il/vehicles/item/2c6s7qeo,דאצ'יה,131
71923348,69000,חולון,commercial,דאסטר,Prestige אוט׳ 1.3 (150 כ״ס) [2022-2025],2023-01-01,130000,1,2025-03-17,2025-03-28,2025-03-28,commercial,2.236824093086927,58118.12,"ב""ה רכב במצב מצויין מטופל במוסך המרכזי בלבד כולל ספר טיפולים מלא דגם פרסטיז' המפואר. מתחייב בבדיקה מנוע. גיר. ושלדה. אפשרות מימון עד 100% ללא מקדמה!! ואפשרות להחלפה!!",https://www.yad2.co.il/vehicles/item/siz6ncfn,דאצ'יה,150
64548806,49900,ראשון לציון,commercial,דאסטר,4X2 Laureate אוט׳ דיזל 1.5 (109 כ״ס) [2017-2019],2018-06-01,127000,2,2025-01-20,2025-03-28,2025-03-28,commercial,6.822724161533197,18614.27,רכב שמור ומטופל דיזל אוטומט + אפשרות החלפה + התחייבות בבדיקה גיר-מנוע-שילדה + אפשרות מימון עד 100% עד 60 תשלומים (לא בשבת),https://www.yad2.co.il/vehicles/item/chp53uml,דאצ'יה,109
49335592,85900,ראשון לציון,commercial,דאסטר,4X2 Laureate אוט׳ בנזין 1.3 (150 כ״ס) [2022-2025],2022-10-01,67000,1,2025-03-20,2025-03-28,2025-03-28,commercial,2.48870636550308,26921.62,"*כל הקודם זוכה!.
*עוצמתי מרווח אמין ומפואר .
*המחיר נמוך מהמחירון.
*ניתן לקבל 100% מימון ללא מקדמה.
*יד 00.
*פנים הרכב שמור בחוץ ללא שריטות ומכות בפח.
*רכב שמור ומטופל .
*התחייבות לפני בדיקת קנייה .
*טרייד אין לכל סוגי הרכב .
*גילוי נאות ושקיפות מלאה.
*שירות תיקונים לאחר בדיקה.
*שירות אישי ואדיב.
*מלאי גדול לרכבי יד 2 ב2 מיגרשים צמודים.",https://www.yad2.co.il/vehicles/item/1vii2800,דאצ'יה,150
47855611,63000,עפולה,commercial,דאסטר,4X2 Laureate ידני דיזל 1.5 (116 כ״ס) [2021-2025],2021-07-01,125000,1,2025-01-04,2025-03-28,2025-03-28,commercial,3.7399041752224504,33423.32,"היסטוריית טיפולים מלאה .צמיגים חדשים 
אחרי טיפול 
התחייבות מלאה לבדיקה 
צריכת דלק 1 ל 18
רכב שמור ויפה מאוד . הקודם זוכה ",https://www.yad2.co.il/vehicles/item/y32n9oe3,דאצ'יה,116
89372547,20000,באר שבע,commercial,דאסטר,Ambiance ידני בנזין 1.2 (125 כ״ס),2015-10-01,144000,2,2025-03-27,2025-03-28,2025-03-28,commercial,9.489390828199863,15174.84,"
ידני!!!במצב מצויין אחרי טיפול מעט קמ וטסט ארוך רכב חסכוני מפנק ואמין",https://www.yad2.co.il/vehicles/item/7nu2u9hv,דאצ'יה,125
51757321,88900,ראשון לציון,commercial,דאסטר,Prestige אוט׳ 1.3 (150 כ״ס) [2022-2025],2023-01-01,23000,1,2024-10-22,2025-03-28,2025-03-28,commercial,2.236824093086927,10282.44,"*כל הקודם זוכה!.
*רכב חסכוני משפחתי אמין
*יד 00 פרטי!
*המחיר נמוך ממחיר המחירון ולכן ניתן לקבל 100% מימון.
*ירידת ערך 5% החלפת פגוש.
*מטופל בחברה ק""מ נמוך מאוד.
*התחייבות בבדיקה לתקינות מנוע גיר ושלדה.
*פנים הרכב שמור בחוץ ללא שריטות.
*התחייבות לפני בדיקת קנייה על תקינות הרכב לחלוטין.
*טרייד אין.
*התחייבות לשירות אישי ולשקיפות מלאה .
*אלטלנה 14 ראשון.
*מלאי גדול רכבי יד 2 ב2 מגרשים צמודים.",https://www.yad2.co.il/vehicles/item/p4ne8y5a,דאצ'יה,150
87516353,59900,נתניה,commercial,דאסטר,4X2 Laureate אוט׳ בנזין 1.3 (150 כ״ס) [2021-2025],2021-11-01,116000,1,2025-01-14,2025-03-28,2025-03-28,commercial,3.403148528405202,34086.08,שמורה מאוד ומטופלת כחדשה התחייבות מלאה בבדיקה אפשרות מימון עד 100% בהוראת קבע חוץ בנקאי פלוס החלפה,https://www.yad2.co.il/vehicles/item/zsbmv0e5,דאצ'יה,150
41694304,55000,נתניה,commercial,דאסטר,4X4 Laureate ידני בנזין 1.3 (131 כ״ס),2021-08-01,170000,1,2025-03-18,2025-03-28,2025-03-28,commercial,3.6550308008213555,46511.24,מצב מעולה שמור ומטופל בחברנ,https://www.yad2.co.il/vehicles/item/y883k3dg,דאצ'יה,131
66755542,62900,נהריה,commercial,דאסטר,4X2 Laureate ידני דיזל 1.5 (116 כ״ס) [2019-2021],2019-05-01,94000,2,2025-03-22,2025-03-28,2025-03-28,commercial,5.908281998631074,15909.87,"אצל pery בנהריה
אמינות ומקצעיות
רכב שמור מאוד ללא תאונות וללא תיקוני צבע 
הכל מקורי 
מרכב שמור מאוד ומתחייב בבדיקה 
רכב מטופל היטב מצב המכני מצויין מהכל 
הכל עובד מצויין 
ומתחייב בבדיקה 
מנוע גיר ושלדה והכל 
רכב אמין מאוד 
רכב חסכוני בטירוף
רכב סוחב מצויין ויציב מאוד 
רכב יש בו הכל מעאכת מולטימדיה 
מצלמת רברס 
מערכב מובילאי וסטייה מהנתיב 
רכב יש בו הכל ",https://www.yad2.co.il/vehicles/item/y8tg4dce,דאצ'יה,116
52458577,69500,רעננה,commercial,דאסטר,4X2 Laureate ידני דיזל 1.5 (116 כ״ס) [2021-2025],2021-05-01,88000,1,2024-07-23,2025-03-28,2025-03-28,commercial,3.9069130732375084,22524.18,"דאסטר חדשה לגמרי,גיר ידני, אחרי טפול וקלאץ קומפלט חדש, רכב שמור ביותר ,חסכוני מאד ,חזק ,מרווח וחסכוני טסט לשנה .
אפשרות למימון 100%,טרייד אין לכל רכב ,חווית קניה נעימה ושקטה.
רכב מעולה לעבודה ולמשפחה כאחד.",https://www.yad2.co.il/vehicles/item/2u9jrvdd,דאצ'יה,116
68892536,37500,תל מונד,commercial,דאסטר,4X2 Prestige אוט׳ דיזל 1.5 (109 כ״ס) [2017-2019],2017-06-01,189000,2,2025-01-04,2025-03-28,2025-03-28,commercial,7.822039698836414,24162.5,"רכב שמור מאד מטופל בזמן
עם וו גרירה ברישיון
אפשרות לטרייד אין ומימון",https://www.yad2.co.il/vehicles/item/8vs9ddkm,דאצ'יה,109
57070632,47000,חיפה,commercial,דאסטר,4X4 Laureate ידני בנזין 1.3 (131 כ״ס),2021-01-01,205000,1,2024-08-28,2025-03-28,2025-03-28,commercial,4.2354551676933605,48400.94,שמור ומטופל ללא תאונות התחייבות בבדיקה אפשרות למימון,https://www.yad2.co.il/vehicles/item/6hnt60r4,דאצ'יה,131
69969072,0,פתח תקווה,commercial,דאסטר,4X4 Laureate ידני בנזין 1.3 (131 כ״ס),2020-07-01,90000,1,2025-02-04,2025-03-28,2025-03-28,commercial,4.739219712525667,18990.47,"הנעה 4X4, רכב במצב מצויין, שמור מאוד, מטופל במוסך מורשה, ללא תאונות. מועד עליה לכביש יולי 2020.",https://www.yad2.co.il/vehicles/item/6jqsf6gx,דאצ'יה,131
73353748,74900,אבן יהודה,commercial,דאסטר,4X2 Laureate אוט׳ בנזין 1.3 (150 כ״ס) [2021-2025],2021-11-01,56000,1,2025-03-18,2025-03-28,2025-03-28,commercial,3.403148528405202,16455.35,"שמורה מאוד!!!! חיישני רברס , מולטימדיה , מצלמת רברס , גלגלי מגנזיום , אפשרות מימון עד 100% ללא מקדמה בתשלומים נוחים , ניתן לשלם גם בכרטיס אשראי , בנוסף ניתן לבצע החלפה/טרייד אין.",https://www.yad2.co.il/vehicles/item/r1f6qxe4,דאצ'יה,150
62375600,64999,חיפה,commercial,דאסטר,4X4 Laureate ידני בנזין 1.3 (131 כ״ס),2021-07-01,134000,1,2025-02-10,2025-03-28,2025-03-28,commercial,3.7399041752224504,35829.8,צורה החדשה דגם laureate מנוע 1350 סמק טורבו בנזין החזק והמבוקש המפיק 131 כס גיר ידני הנעה 4 על 4 הרכב שמור מאוד ללא תאונות מטופל בזמן צמיגים חדשים ותוספות רבות רכב סופר אמין וחסכוני מאוד התחייבות מלאה בבדיקה מחירון 76400 שח מחיר נדרש רק 64999 שח עד 100 אחוז מימון ועד 90 תשלומים בהוראת קבע מגיל 19 טרייד אין לכל סוגי הרכב התחייבות לטרייד אין עתידי שדרות ההסתדרות 70 חיפה חפשו mbmotors,https://www.yad2.co.il/vehicles/item/ivp1grpu,דאצ'יה,131
86414314,64000,פתח תקווה,commercial,דאסטר,4X2 Laureate ידני בנזין 1.3 (131 כ״ס) [2021-2025],2022-07-01,96000,1,2025-03-25,2025-03-28,2025-03-28,commercial,2.7405886379192332,35028.97,"רכב מטופל בחברה ללא תאונות , שמורה ונוסעת מצויין , אפשרות מימון עד 100% ללא מקדמה , אפשרות החלפה.",https://www.yad2.co.il/vehicles/item/mx6t7hd5,דאצ'יה,131
78072234,46000,ביתר עילית,private,דאסטר,4X2 Laureate ידני בנזין 1.2 (125 כ״ס),2018-09-01,80000,1,2025-03-05,2025-03-28,2025-03-28,private,6.570841889117043,12175.0,רכב שמור מאוד. נהג יחיד ומיוחד. מטופל כראוי ובזמן. מצב חדש בפנים. לא בשבת. לרציניים.,https://www.yad2.co.il/vehicles/item/m11swcx2,דאצ'יה,125
55509343,115400,ירושלים,private,דאסטר,4X4 Expression ידני דיזל 1.5 (114 כ״ס),2023-04-01,65000,1,2025-03-19,2025-03-28,2025-03-28,private,1.9904175222450375,32656.46,רכב חדש מצב מוציין,https://www.yad2.co.il/vehicles/item/w5ee9kh0,דאצ'יה,114
68023960,78000,קציר,private,דאסטר,4X4 Prestige ידני בנזין 1.3 (150 כ״ס) [2019-2021],2020-02-01,89708,2,2025-03-08,2025-03-28,2025-03-28,private,5.152635181382615,17410.12,"נמכר לאור שהיה בחו""ל 
מטופל במוסך אומגה מורשה בלבד 
במצב מושלם מוגבה עם מיגון ""אספיר"" וו גרירה מופיע ברשיון 
גלגלי מגנזיום , סט נוסף לשטח + בולמים אורגינלים למסירה ",https://www.yad2.co.il/vehicles/item/w1b6ry8o,דאצ'יה,150
56193375,76000,גבעתיים,private,דאסטר,4X2 Laureate ידני בנזין 1.3 (131 כ״ס) [2021-2025],2022-09-01,24500,1,2025-02-28,2025-03-28,2025-03-28,private,2.5708418891170433,9529.95,"חדש חדש, יד 00פרטי ברישיון, נהג יחיד נקיה וללא רבב. באחריות עד ספטמבר, שני טיפולים שנתיים מורשה יבואן, מצבר חדש עם 3 שנים אחריות. מלמרה קידמית/אחורית proof, car play..נמכר משימוש מועט 
גמיש לא לסוחרים בבקשה",https://www.yad2.co.il/vehicles/item/nljx5snu,דאצ'יה,131
79441221,29500,פרדסיה,private,דאסטר,4X2 Prestige ידני בנזין 1.2 (125 כ״ס),2015-02-01,189000,1,2025-03-21,2025-03-28,2025-03-28,private,10.151950718685832,18617.11,"פרטי, יד 1, ידני, בנזין, 189,000 קמ. (המנוע 90,000, הוחלף תקול באחריות)
הדגם המאובזר Prestige!
שמור מאוד, שקט, חסכוני מאוד ולא עבר תאונות.
כל התוספות האפשריות ללא תוספת למחירון:
+ מרים חלונות.
+ חיישני ומצלמת רוורס 
+ מצלמת דרך קדמית
+  אמוביליי.
+  גגון.
+ מולטימדיה 9 אינצ'.
+ שליטה מההגה
+ 6 רמקולים
+ אלחוטי Carplay ו- Android Auto
+ דיבורית מגנט אלחוטית

טסט וטיפול מינואר 2025.",https://www.yad2.co.il/vehicles/item/z89b8ht4,דאצ'יה,125
51822126,83000,פתח תקווה,private,דאסטר,4X2 Laureate ידני בנזין 1.3 (131 כ״ס) [2021-2025],2022-10-01,1600,1,2025-02-16,2025-03-28,2025-03-28,private,2.48870636550308,642.9,"הרכב במצב חדש, 1600 קמ בלבד!!
יד 00 אוקטובר 22
מולטימדיה + מצלמת דרך + מצלמת רוורס

יש תוספות:
מרימי שמשות, חיפויי פלסטיק לדלתות ולכנפיים מקורי, מסיטי רוח
ויש גגון

מחירון משוקלל 88 דורש 83..גמיש קצת לרציניים",https://www.yad2.co.il/vehicles/item/cvfp35ts,דאצ'יה,131
77931366,61000,חדרה,private,דאסטר,4X2 Laureate אוט׳ דיזל 1.5 (109 כ״ס) [2018-2019],2018-02-01,91000,1,2025-01-29,2025-03-28,2025-03-28,private,7.151266255989048,12725.02,"למכירה דאצ'יה דאסטר טורבו דיזל אוטומט

שנת 2018 (עלה לכביש 02/2018)
יד ראשונה מפרטי
נהג יחיד
נפח מנוע: 1461 סמ""ק טורבו דיזל
קילומטראז': 91,000 ק""מ בלבד
טסט עד סוף ינואר 2026
מערכת בטיחות מקורית מותקנת
תיבת הילוכים אוטומטית
 רישוי עד 01/2025
 צבע: אפור מטאלי

מחיר: 61000 ש""ח 

רכב מטופל ושמור, יד ראשונה פרטית מנהג בודד. 
רכב חסכוני בטירוף.
לרציניים בלבד! 

המחיר אינו כולל העברת בעלות.",https://www.yad2.co.il/vehicles/item/9mcf8kds,דאצ'יה,109
85538360,86000,יקנעם עילית,private,דאסטר,4X4 Laureate ידני דיזל 1.5 (114 כ״ס),2022-09-01,115000,1,2025-03-20,2025-03-28,2025-03-28,private,2.5708418891170433,44732.43,"וו גרירה תפוח מהיצרן , מיגון מלא מהיצרן 
נהג יחיד 
מטופל במוסך מורשה 
שיחות טלפון בלבד !!
גמיש  במחיר ",https://www.yad2.co.il/vehicles/item/pwebc449,דאצ'יה,114
53417507,78000,באר שבע,private,דאסטר,4X4 Laureate ידני בנזין 1.3 (131 כ״ס),2021-11-01,45800,1,2025-02-05,2025-03-28,2025-03-28,private,3.403148528405202,13458.13,"ידני 4*4
יד ראשונה (00)
ק""מ נמוך.
טסט עד 11/2025
צמיגים 50/50.
ג'אנטים מגנזיום מהחברה (יש בנוסף סט מברזל חדש בקרטון)
מיגון תחתון מלא מהיום הראשון.
גגון.
וו גרירה.
מצלמת דרך.
אם הנייד לא זמין (מילואים...) אשמח להודעה בווטסאפ.






",https://www.yad2.co.il/vehicles/item/dugge3f3,דאצ'יה,131
56992845,47000,ביר אל מכסור,private,דאסטר,4X2 Laureate אוט׳ דיזל 1.5 (109 כ״ס) [2018-2019],2018-12-01,230000,2,2025-03-08,2025-03-09,2025-03-08,private,6.321697467488022,36382.63,"דאצ'יה, דאסטר, בצבע לבן, שנת 2018, 230000 ק""מ",https://www.yad2.co.il/vehicles/item/qowxcgpk,דאצ'יה,109
41134951,72000,כרמיאל,private,דאסטר,4X2 Laureate ידני בנזין 1.3 (131 כ״ס) [2021-2025],2021-06-01,46000,2,2025-03-10,2025-03-28,2025-03-28,private,3.8220396988364134,12035.46,"רכב שמור בקנאות, במצב חדש!!
עם תוספת של מדרגות צד, פסי הגנה על הדלתות, ספויילר מאחורה, מגני רוח, ג'אנטים מגנזיום מקוריים, מערכת moovon- עם מצלמת דרך מובנית, מערכת מולטימדיה תומכת קאר פליי ואנדרואיד אוטו, פנסי ערפל עוקבי פניה ועוד.

גמיש במחיר",https://www.yad2.co.il/vehicles/item/9ss6qpa2,דאצ'יה,131
71428206,0,אשקלון,private,דאסטר,4X2 Laureate ידני דיזל 1.5 (109 כ״ס),2017-03-01,183000,2,2025-02-07,2025-03-28,2025-03-28,private,8.073921971252567,22665.56,"למכירה רכב פרטי!!! במצב מצויין, 2017, ידני דיזל
מחיר גמיש לרציניים!
לא ליסינג, פרטי, טסט לשנה!!!
הרכב במצב חדש אין שום בעיות רק לבוא לקחת",https://www.yad2.co.il/vehicles/item/06psjme7,דאצ'יה,109
73571323,61900,עכו,private,דאסטר,4X2 Laureate ידני בנזין 1.3 (131 כ״ס) [2019-2022],2020-03-01,111000,2,2025-03-24,2025-03-28,2025-03-28,private,5.073237508555784,21879.52,"רכב שמור , מטופל לפי הוראות יצרן, טסט שנה מלאה.
מולטימדיה, חיישנים ומצלמת רוורס ומצלמת דרך עם התראת שכחת ילדים.",https://www.yad2.co.il/vehicles/item/de377mpz,דאצ'יה,131
41347014,80000,נהריה,private,דאסטר,4X4 Prestige ידני בנזין 1.3 (150 כ״ס) [2019-2021],2020-11-01,72000,1,2025-03-28,2025-03-28,2025-03-28,private,4.402464065708419,16354.48," דאציה דאסטר שנת 2020 דגם הכי מפואר  הרכב עבר 72000 קילומטר
תוספות:
4X4 
מולטמדיה אנדרואיד 10 אינצ
מערכת שמע 
מיגון מלא 
מרמי שמשות 
הרכב מטופל כל 10000 קילומטר 
מצב מכאני מצויין ",https://www.yad2.co.il/vehicles/item/u88fancz,דאצ'יה,150
84958165,78000,גן יבנה,private,דאסטר,4X2 Laureate אוט׳ בנזין 1.3 (150 כ״ס) [2021-2025],2021-11-01,35000,1,2025-03-28,2025-03-28,2025-03-28,private,3.403148528405202,10284.59,"רכב מפנסיונרים 
קילומטראז נמוך שמור מצויין טיפולים במוסמך
מציאה!!!",https://www.yad2.co.il/vehicles/item/h84y9fdw,דאצ'יה,150
41028498,86000,קצרין,private,דאסטר,4X2 Prestige אוט׳ 1.3 (150 כ״ס) [2021-2025],2022-03-01,64000,1,2025-03-10,2025-03-28,2025-03-28,private,3.07460643394935,20815.67,שווה לראות מוזמן מנזמן,https://www.yad2.co.il/vehicles/item/mkbj4vrf,דאצ'יה,150
71691395,36000,רמת גן,private,דאסטר,4X2 Laureate אוט׳ דיזל 1.5 (109 כ״ס) [2018-2019],2018-11-01,205000,2,2025-03-28,2025-03-28,2025-03-28,private,6.403832991101985,32012.08,"הרכב מדהים שירת אותנו שלוש שנים בכיף, אני בעלים שני של הרכב הבעלים הראשון זה נהג מונית במשפחה שגם טיפל ברכב בקפדנות ובזמן!
הרכב גבוה וחסכוני מאוד!! צמיגים חדשים, מצבר חדש! הוחלפו גם בלמים לאחרונה. טסט עד 11.25. 
מחיר מבוקש 36000ש""ח. (מחירון לוי יצחק 41000)
שימו לב: יש תקלה ברכב ,אני מציע למי שמעוניין לקחת את הרכב לבדיקה איפה שיבחר לקבל הצעת מחיר על התיקון ואני מקזז את זה מהמחיר  המבוקש..!
אדם אמין! ",https://www.yad2.co.il/vehicles/item/ptu87s4v,דאצ'יה,109
57018938,69000,חדרה,private,דאסטר,4X2 Prestige אוט׳ 1.3 (150 כ״ס) [2021-2025],2022-01-01,107000,2,2025-01-01,2025-03-28,2025-03-28,private,3.2361396303901437,33064.09,"רכב שמור ונוח, הדגם המפואר עם מסך מולטימדיה,גלגלי מגנזיום ,מצלמות הקפיות וכל הפינוקים
עם טסט עד ינואר 2026, לאחר טיפול גדול, מצבר חדש, 2 צמיגים חדשים, ואחריות למנוע וגיר עד 1/2026",https://www.yad2.co.il/vehicles/item/i4vgrafr,דאצ'יה,150
86189200,64000,ראש העין,private,דאסטר,4X4 Laureate ידני דיזל 1.5 (109 כ״ס),2019-07-01,180000,1,2025-02-19,2025-03-28,2025-03-28,private,5.7412731006160165,31351.93,"רכב שמור מטופל בזמן עם מיגון מלא ,הגבהה  ברישיון וו גרירה",https://www.yad2.co.il/vehicles/item/fqj3b5um,דאצ'יה,109
49318445,70000,גבעת זאב,private,דאסטר,4X4 Prestige ידני בנזין 1.3 (150 כ״ס) [2019-2021],2020-12-01,113000,1,2025-03-28,2025-03-28,2025-03-28,private,4.3203285420944555,26155.42,"מנוע חדש ע""י החברה ב62000קמ",https://www.yad2.co.il/vehicles/item/a5r2r57a,דאצ'יה,150
49335592,85900,ראשון לציון,commercial,דאסטר,4X2 Laureate אוט׳ בנזין 1.3 (150 כ״ס) [2022-2025],2022-10-01,67000,1,2025-03-20,2025-03-28,2025-03-28,solo,2.48870636550308,26921.62,"*כל הקודם זוכה!.
*עוצמתי מרווח אמין ומפואר .
*המחיר נמוך מהמחירון.
*ניתן לקבל 100% מימון ללא מקדמה.
*יד 00.
*פנים הרכב שמור בחוץ ללא שריטות ומכות בפח.
*רכב שמור ומטופל .
*התחייבות לפני בדיקת קנייה .
*טרייד אין לכל סוגי הרכב .
*גילוי נאות ושקיפות מלאה.
*שירות תיקונים לאחר בדיקה.
*שירות אישי ואדיב.
*מלאי גדול לרכבי יד 2 ב2 מיגרשים צמודים.",https://www.yad2.co.il/vehicles/item/1vii2800,דאצ'יה,150
72768906,91000,,commercial,דאסטר,4X2 Prestige אוט׳ 1.3 (150 כ״ס) [2021-2025],2022-01-01,68000,2,2025-03-11,2025-03-28,2025-03-28,platinum,3.2361396303901437,21012.69,"חסכון עצום של עד 60% ממחיר השוק! בדרך לרכב חלומותיך במחיר שלא תאמין: רכישה מכונס נכסים/ בא כח הבעלים היא הזדמנות יוצאת דופן לחסוך עד 60% ממחיר השוק הרגיל. כדי להבטיח שתקבל את העסקה המושלמת, מומלץ לאמת את פרטי הרכב ישירות מול המוכר או כונס הנכסים באתר konesy2.co.il זו הדרך המושלמת להבטיח עסקה, מוצלחת וחסכונית במיוחד! למודעה konesy2.co.il/live/27690ב""כ הבעלים.
רכב מניע,מצב נסיעה</p...",https://www.yad2.co.il/vehicles/item/c5ixwf4p,דאצ'יה,150
53290063,110900,חיפה,commercial,דאסטר,Journey אוט׳ 1.3 (150 כ״ס),2024-01-01,49010,1,2025-03-23,2025-03-28,2025-03-28,platinum,1.2375085557837098,39603.77,"***    מגוון מותגי יד שנייה עם היסטוריית טיפולים מלאה ובדיקת קנייה מסודרת
אופציות מימון אטרקטיביות + אפשרות לטרייד אין. ***",https://www.yad2.co.il/vehicles/item/9z1pensi,דאצ'יה,150
84877410,32000,עפולה,commercial,דאסטר,4X4 Prestige ידני בנזין 1.2 (125 כ״ס),2016-03-01,140000,2,2024-09-11,2025-03-28,2025-03-28,platinum,9.073237508555783,15429.99,רכב מצוין אמין חזק חסכוני ידני התחייבות בבדיקה אפשרות טרייד אין ומימון עד 100%,https://www.yad2.co.il/vehicles/item/x8a30bki,דאצ'יה,125
71754212,49900,נתניה,commercial,דאסטר,4X4 Laureate ידני בנזין 1.3 (131 כ״ס),2019-09-01,162000,2,2025-01-27,2025-03-28,2025-03-28,commercial,5.5715263518138265,29076.41,רכב שמור ביותר!!ללא תאונות בכלל!! התחייבות בבדיקה מנוע גיר שילדה!!אחריות חצי שנה!!ספר טיפולים מסודר במוסך היבואן!!הכל תקין ועובד!!4*4 אמין וחזק!!מולטימדיה מצלמת רוורס וו גרירה ועוד..!!אפשרות מימון עד 100% וטריידאין!!כתובתנו אוטוטסט נתניה מכון בדיקה לרכב לפני קניה מורשה משרד התחבורה דוד פנקס 35 נתניה.,https://www.yad2.co.il/vehicles/item/jo8n4lly,דאצ'יה,131
84360764,77000,מעלות תרשיחא,commercial,דאסטר,4X2 Prestige אוט׳ 1.3 (150 כ״ס) [2021-2025],2022-01-01,139000,1,2025-03-28,2025-03-28,2025-03-28,commercial,3.2361396303901437,42952.41,"ג'יפ במצב מצויין 
מטופל במורשה לאחר טיפול גדול 
אחריות בבדיקה על הכל 
אפשרות מימון 
אפשרות החלפה
לפרטים נוספים ויסאם בפרטי ",https://www.yad2.co.il/vehicles/item/87etezxw,דאצ'יה,150
77445093,82900,נתניה,commercial,דאסטר,4X2 Laureate אוט׳ בנזין 1.3 (150 כ״ס) [2021-2025],2022-01-01,108000,1,2025-02-02,2025-03-28,2025-03-28,commercial,3.2361396303901437,33373.1,"שמורה כחדשה במצב מעולה התחייבות לבדיקה ללא תאונות עבר ביטוחי נקי , חישוקי מגנזיום | מסך מולטימדיה | בקרת שיוט | בקרת אקלים | מיזוג מפוצל | תאורת לד | חיישני חנייה | מצלמת רוורס | ועוד המון !!! מימון עד 100% - החלפה וטרייד אין כתובתנו הקדר 13 נתניה , רמי מוטורס סוכנויות רכב לא בשבת !!
",https://www.yad2.co.il/vehicles/item/gkjx749c,דאצ'יה,150
43408044,63000,יפעת,commercial,דאסטר,4X2 Laureate ידני דיזל 1.5 (116 כ״ס) [2021-2025],2021-06-01,146000,1,2025-02-12,2025-03-28,2025-03-28,commercial,3.8220396988364134,38199.5,"במצב מצויין 
יד ראשונה פרטית
נקי מתאונות 
טורבו דיזל ידני וחסכוני 
",https://www.yad2.co.il/vehicles/item/k2ooaxoi,דאצ'יה,116
61063471,44999,חיפה,commercial,דאסטר,4X2 Prestige אוט׳ דיזל 1.5 (109 כ״ס) [2017-2019],2017-09-01,235000,2,2025-03-16,2025-03-28,2025-03-28,commercial,7.57015742642026,31042.95,"דאציה דאסטר  דגם פרסטיג מנוע 1500 סמק טורבו דיזל החזק והמבוקש המפיק 109 כס גיר אוטומט  הנעה 4/2 הרכב שמור מאוד ללא תאונות מטופל בזמן ותוספות רבות רכב סופר אמין וחסכוני מאוד צריכת דלק 1/20 התחייבות מלאה בבדיקה מחיר נדרש רק 44,999 שח עד 100% מימון ועד 60 תשלומים בהוראת קבע מגיל 18 טרייד אין לכל סוגי הרכב התחייבות לטרייד אין עתידי שדרות ההסתדרות 70 חיפה חפשו אותנו בפייסבוק באתר ובוויז mbmotors",https://www.yad2.co.il/vehicles/item/3fcm8eg3,דאצ'יה,109
72768906,91000,,commercial,דאסטר,4X2 Prestige אוט׳ 1.3 (150 כ״ס) [2021-2025],2022-01-01,68000,2,2025-03-11,2025-03-28,2025-03-28,commercial,3.2361396303901437,21012.69,"חסכון עצום של עד 60% ממחיר השוק! בדרך לרכב חלומותיך במחיר שלא תאמין: רכישה מכונס נכסים/ בא כח הבעלים היא הזדמנות יוצאת דופן לחסוך עד 60% ממחיר השוק הרגיל. כדי להבטיח שתקבל את העסקה המושלמת, מומלץ לאמת את פרטי הרכב ישירות מול המוכר או כונס הנכסים באתר konesy2.co.il זו הדרך המושלמת להבטיח עסקה, מוצלחת וחסכונית במיוחד! למודעה konesy2.co.il/live/27690ב""כ הבעלים.
רכב מניע,מצב נסיעה</p...",https://www.yad2.co.il/vehicles/item/c5ixwf4p,דאצ'יה,150
65162232,49000,עפולה,commercial,דאסטר,4X4 Laureate ידני בנזין 1.3 (131 כ״ס),2021-07-01,221000,1,2024-08-04,2025-03-28,2025-03-28,commercial,3.7399041752224504,59092.42,רכב במצב מצוין.שמור מאוד.תקין לחלוטין.ללא תאונות.אמין וחסכוני.מטופל במוסך מורשה.אחריות למימון מלא.,https://www.yad2.co.il/vehicles/item/tlhbp8qh,דאצ'יה,131
78329768,74520,,commercial,דאסטר,4X2 Laureate ידני בנזין 1.3 (131 כ״ס) [2021-2025],2022-01-01,64257,1,2025-03-21,2025-03-28,2025-03-28,commercial,3.2361396303901437,19856.07,"ArrayArrayדאצ'יה דאסטר החדש לורייט  1332 131 כ""ס ידני 2022",https://www.yad2.co.il/vehicles/item/kmek3lvl,דאצ'יה,131
65202853,69990,חיפה,commercial,דאסטר,4X4 Laureate ידני בנזין 1.3 (131 כ״ס),2020-01-01,159000,1,2025-02-09,2025-03-28,2025-03-28,commercial,5.23750855578371,30357.95,"אפשרות טרייד אין ומימון.

מאיר זורע 1, חיפה.
וויז: רכב חיפה - סניף חוף כרמל.

דרך ההגנה 26, חיפה.
וויז: טרייד אין רכב חיפה.",https://www.yad2.co.il/vehicles/item/x5a6wsqf,דאצ'יה,131
81058297,74520,,commercial,דאסטר,4X2 Laureate ידני בנזין 1.3 (131 כ״ס) [2021-2025],2022-01-01,68258,1,2025-03-24,2025-03-28,2025-03-28,commercial,3.2361396303901437,21092.41,"ArrayArrayדאצ'יה דאסטר החדש לורייט  1332 131 כ""ס ידני 2022",https://www.yad2.co.il/vehicles/item/ugh4dh8r,דאצ'יה,131
62657942,89999,נתניה,commercial,דאסטר,4X4 Expression ידני בנזין 1.3 (150 כ״ס),2023-02-01,63000,2,2025-02-11,2025-03-28,2025-03-28,commercial,2.1519507186858315,29275.76,"הרכב זמין באספקה מיידית. דגם אקספריישן עם גפ""מ. מגיע עם התחייבות בבדיקה במכון בדיקה שאתם תבחרו, אפשרות 100% מימון בהוראת קבע או צ'קים גם ללא מקדמה. אפשרות להחלפה וטרייד אין משתלם, בנוסף מתחייבים לטרייד אין עתידי אצלנו. בואו להתרשם במתחם הרכב שלנו מצי רכבים ענק ומגוון. יושבים בכביש 2 - תחנת דלק סונול אמיתי נתניה. חייגו לנציג לקבלת פרטים נוספים, תוכלו לקבל הצעה משתלמת גם לטרייד אין ומימון,חייגו :)",https://www.yad2.co.il/vehicles/item/voer09u3,דאצ'יה,150
62961663,74520,,commercial,דאסטר,4X2 Laureate ידני בנזין 1.3 (131 כ״ס) [2021-2025],2022-01-01,60843,1,2025-03-24,2025-03-28,2025-03-28,commercial,3.2361396303901437,18801.1,"ArrayArrayדאצ'יה דאסטר החדש לורייט  1332 131 כ""ס ידני 2022",https://www.yad2.co.il/vehicles/item/q15crd4h,דאצ'יה,131
56885279,0,אזור,commercial,דאסטר,4X2 Laureate ידני בנזין 1.3 (131 כ״ס) [2021-2025],2021-06-01,62000,1,2025-03-23,2025-03-28,2025-03-28,commercial,3.8220396988364134,16221.7,"דאצ'ה דאסטר,רכב חדששששש,נקי מתאונות מתחייב לכל בדיקה בארץ,מטופל בזמן לפי הוראות יצרן,מגיע עם מלא תוספות,אפשרות להחלפה כולל מימון עד 100%
",https://www.yad2.co.il/vehicles/item/ugjsp5hq,דאצ'יה,131
33438827,72732,,commercial,דאסטר,4X2 Laureate ידני דיזל 1.5 (116 כ״ס) [2021-2025],2021-01-01,109386,1,2025-03-20,2025-03-28,2025-03-28,commercial,4.2354551676933605,25826.27,ArrayArrayדאצ'יה דאסטר החדש לורייט 1461 דיזל ידני 2021,https://www.yad2.co.il/vehicles/item/bw0ctymw,דאצ'יה,116
87391760,0,ראשון לציון,commercial,דאסטר,4X2 Laureate אוט׳ בנזין 1.3 (150 כ״ס) [2021-2025],2021-10-01,195901,1,2025-03-04,2025-03-28,2025-03-28,commercial,3.488021902806297,56163.92,"דאצ`יה דאסטר ! רכב במצב מעולה ! מטופל בזמן ! דגם LAUREATE ! רכב פנאי-שטח ! רכב מרווח ! מערכת מולטימדיה ! בקרת שיוט !
* **התחייבות בטרייד אין עתידי! *סוכנות מכירה וטרייד אין, גילוי נאות , עד 100 אחוז מימון עד 60 תשלומים !!! סניף ראשל""צ ב-waze רחוב אצ""ל 25",https://www.yad2.co.il/vehicles/item/7gyb0fnp,דאצ'יה,150
91436272,74520,,commercial,דאסטר,4X2 Laureate ידני בנזין 1.3 (131 כ״ס) [2021-2025],2022-01-01,69079,1,2025-03-20,2025-03-28,2025-03-28,commercial,3.2361396303901437,21346.11,"ArrayArrayדאצ'יה דאסטר החדש לורייט  1332 131 כ""ס ידני 2022",https://www.yad2.co.il/vehicles/item/y424u35u,דאצ'יה,131
66009602,74900,הרצליה,commercial,דאסטר,4X2 Prestige אוט׳ 1.3 (150 כ״ס) [2021-2025],2022-02-01,95000,1,2025-02-03,2025-03-28,2025-03-28,commercial,3.1512662559890487,30146.61, ראשונה 00  דגם מפואר עם כל תוספות טסט לשנה  4 צמיגים חדשים  לאחר טיפול . מטופל  מוסך מורשה  הרצליה ללא תאונות   פנים חוץ כמו חדש מפדנט רוסי.,https://www.yad2.co.il/vehicles/item/fo3pnsrg,דאצ'יה,150
48116207,76912,,commercial,דאסטר,4X2 Laureate ידני דיזל 1.5 (116 כ״ס) [2021-2025],2021-01-01,98789,1,2025-03-20,2025-03-28,2025-03-28,commercial,4.2354551676933605,23324.29,ArrayArrayדאצ'יה דאסטר החדש לורייט 1461 דיזל ידני 2021,https://www.yad2.co.il/vehicles/item/gph9ojwm,דאצ'יה,116
71376740,65000,אודים,commercial,דאסטר,4X2 Laureate ידני דיזל 1.5 (116 כ״ס) [2021-2025],2021-05-01,149000,1,2025-03-05,2025-03-28,2025-03-28,commercial,3.9069130732375084,38137.53,"האוטו מגיע עם כל התוספות האפשריות והמקוריות מהחברה- ( מערכת מולטימדיה גדולה הכוללת מצלמת רוורס , חיישני רוורס , גאנט 16' , וו' גרירה USB, Bluetooth , קודנית , ועוד המון תוספות ) 
אפשרות למימון עד 100%
אפשרות להחלפה
התחייבות מלאה בבדיקה
TOMER_KUDISH_CARS",https://www.yad2.co.il/vehicles/item/rbn3arhc,דאצ'יה,116
97306375,74520,,commercial,דאסטר,4X2 Laureate ידני בנזין 1.3 (131 כ״ס) [2021-2025],2022-01-01,63389,1,2025-03-10,2025-03-28,2025-03-28,commercial,3.2361396303901437,19587.84,"ArrayArrayדאצ'יה דאסטר החדש לורייט  1332 131 כ""ס ידני 2022",https://www.yad2.co.il/vehicles/item/k9wa7jl6,דאצ'יה,131
66840545,48000,נס ציונה,private,דאסטר,4X2 Laureate ידני בנזין 1.3 (131 כ״ס) [2019-2022],2021-01-01,150000,2,2025-01-16,2025-03-28,2025-03-28,private,4.2354551676933605,35415.32,מטופל  חסכוני עם עבירות מצוינת נמכר עקב קניית רכב אחר,https://www.yad2.co.il/vehicles/item/k82ejsvs,דאצ'יה,131
61813102,72000,עפולה,private,דאסטר,4X2 Laureate אוט׳ דיזל 1.5 (109 כ״ס) [2018-2019],2019-04-01,62000,2,2025-03-21,2025-03-28,2025-03-28,private,5.990417522245037,10349.86,"רכב במצב חדש שמור מאוד ומטופל בזמן,טסט לשנה שלמה, מנוע דיזל המוצלח, ק""מ נמוך, נהג יחיד, מצבר חדש,  מצלמת דרך.",https://www.yad2.co.il/vehicles/item/3w4bqeuz,דאצ'יה,109
43404406,88000,חולון,private,דאסטר,4X2 Laureate ידני בנזין 1.3 (131 כ״ס) [2021-2025],2022-10-01,8900,1,2025-02-26,2025-03-28,2025-03-28,private,2.48870636550308,3576.16,"דאציה דאסטר.
שנת יצור  10/2022
בעלות פרטית.
גיר ידני.
. מנוע בנזין 1.3 (131) כ""ס.
יד ראשונה.
קילומטראז  רק 8900 ק""מ.
טסט עד 11/10/2025
גנטים מגנזיום, חלונות כהים, מולטימדיה, מצלמת פרונט+רוורס.
היה בבעלות של איש מבוגר. כמעט ולא היה בשימוש. נמכר עקב פטירתו של בעל הרכב.
מחיר : 88000 ש""ח",https://www.yad2.co.il/vehicles/item/cco38qc5,דאצ'יה,131
85463981,30000,כרמיאל,private,דאסטר,4X2 Laureate ידני בנזין 1.2 (125 כ״ס),2015-08-01,135000,1,2025-03-28,2025-03-28,2025-03-28,private,9.656399726214921,13980.37,"יד ראשונה!
 נהג יחיד מהיום הראשון שהרכב יצא מהסוכנות.
הרכב במצב שמור מאוד.",https://www.yad2.co.il/vehicles/item/m1mdwrjj,דאצ'יה,125
87605431,105111,נצרת עילית / נוף הגליל,private,דאסטר,Prestige אוט׳ 1.3 (150 כ״ס) [2022-2025],2023-02-01,28000,1,2024-09-17,2025-03-28,2025-03-28,private,2.1519507186858315,13011.45,28.000  קיימ  כמו חדש    108.000 ¤  שווה  במכון לא להוריד הנילונים חוסכים הרבה  ¤¤¤¤,https://www.yad2.co.il/vehicles/item/cv2mwb56,דאצ'יה,150
88464029,113700,קרית ים,private,דאסטר,4X2 Prestige אוט׳ 1.3 (150 כ״ס) [2021-2025],2022-11-01,30500,1,2022-12-12,2025-03-27,2025-03-27,private,2.403832991101985,12688.07,"רכב מדהים . חדש חדש. 
עלה לכביש 31/10/2022. 
טסט לשנה עד 1/11/2025.
עבר 30,500 ק'מ.
אחרי טיפול גדול .
כול התוספות איפשריות.
מצורפים מסמכים בתמונות.
אחריות ל 5 שנים של יצרן .
רכב חדש בחברה 
עולה 151,000 ש�ח.
מוכן להחלפה .
מחיר מחירון 113,700 ש�ח.
יש גם אפשרות להביר מימון על קונה .
מחיר סופי סופי. 
בשביל לסגור מימון.
לא להיתקשר סתם לבלבל את מוח.",https://www.yad2.co.il/vehicles/item/gf7m8wri,דאצ'יה,150
58603552,77000,נתניה,private,דאסטר,4X2 Laureate ידני בנזין 1.3 (131 כ״ס) [2021-2025],2021-10-01,42000,1,2025-03-21,2025-03-27,2025-03-27,private,3.488021902806297,12041.21,"שנת 2021 (חודש 10) 00 בעלים פרטי מהחברה. 
ידני בנזין , 2x4.
רכב במצב חדש עם אחריות יבואן לעוד שנה וחצי.
נהג יחיד , חונה בחנייה מקורה,  קילומטר נמוך , ריפודים מקוריים חדשים.
שטיחי גומי בכל הרכב + וו גרירה + מולטימדיה + ח'ח +סטייה מנתיב + בקרת ילדים ועוד.
חסכוני ביותר , מטופל במוסך מורשה דאציה.
נא לא להתקשר סתם! אם לא זמין נא לשלוח וואצאפ.",https://www.yad2.co.il/vehicles/item/xmg5huup,דאצ'יה,131
82490900,34650,ירושלים,private,דאסטר,4X2 Prestige ידני בנזין 1.2 (125 כ״ס),2015-05-01,53500,1,2025-03-17,2025-03-27,2025-03-27,private,9.908281998631075,5399.52,"רכב שמור במצב מכני מעולה עם תוספת גגון, מדרגות ומצלמת דרך.
לרציניים בלבד",https://www.yad2.co.il/vehicles/item/29mnjldp,דאצ'יה,125
41470460,86999,פתח תקווה,private,דאסטר,4X2 Prestige אוט׳ 1.3 (150 כ״ס) [2021-2025],2021-11-01,41500,1,2025-02-25,2025-03-27,2025-03-27,private,3.403148528405202,12194.59,"הדגם המפואר, כולל כל התוספות: חישוקי מגנזיום 17 אינצ', מפתח חכם והנעה ללא מפתח, שמשות אחוריות כהות, משטח גומי לבגאז', מצלמת רוורס, חיישני חניה ועוד. בנוסף, הכנה מלאה (כל החיווט) לסאב ולמגבר ומצבר סטארט-סטופ חדש מהניילונים. לא ראה שטח מימיו. חונה בחניון מקורה בלבד. מטופל במוסך מורשה בלבד כמו שעון שוויצרי. ללא תאונות. קילומטראז' נמוך מאד (כ40,000 ק""מ). נהג יחיד. טסט עד 11/2025. לקנות ולנסוע - מציאה.",https://www.yad2.co.il/vehicles/item/nkq845rk,דאצ'יה,150
76531524,0,טירת כרמל,private,דאסטר,4X2 Laureate ידני בנזין 1.3 (131 כ״ס) [2021-2025],2022-01-01,28000,1,2025-02-26,2025-03-27,2025-03-27,private,3.2361396303901437,8652.28,"רכב שמור פרטית יד ראשונה 
מצב מעולה קילומטראז נמוך 
",https://www.yad2.co.il/vehicles/item/58x4p6eq,דאצ'יה,131
62922758,35000,בית שמש,private,דאסטר,4X2 Prestige ידני בנזין 1.2 (125 כ״ס),2016-01-01,88000,1,2025-03-08,2025-03-27,2025-03-27,private,9.23750855578371,9526.38,רכב שמור מאוד עם קילומטראג מודה נמוך גיד ידני,https://www.yad2.co.il/vehicles/item/1kkk5t3x,דאצ'יה,125
83605058,0,תדהר,private,דאסטר,4X2 Prestige ידני בנזין 1.3 (150 כ״ס),2020-02-01,61000,2,2025-02-09,2025-03-27,2025-03-27,private,5.152635181382615,11838.6,"דגם פרסטיג המפואר! מצלמות הקפיות, הנעה ללא מפתח, מנוע 1.3 טורבו עם 150 כ""ס מגיני דלתות, מגיני רוח,מגיני בוץ, מדרגות צד, טסט לשנה! ק""מ נמוך ללא תאונות, ללא מכות, ללא שריטות, מצ""ב נדיר!! צמיגים חדשים, מחירון לוי יצחק 70 אלף מחיר מציאה! נמכר עקב רכישת רכב חדש התחייבות בבדיקה! לא בשבת",https://www.yad2.co.il/vehicles/item/qkw27jvr,דאצ'יה,150
81659275,70000,כרמיאל,private,דאסטר,4X4 Laureate ידני דיזל 1.5 (116 כ״ס),2021-09-01,172000,2,2025-03-27,2025-03-28,2025-03-27,private,3.57015742642026,48177.15,"רכב לדש לחלוטין מתחייב בבדיקה שלדה מנוע גיר
ללא תאונות
מטופל אך ורק בחברה הם ספר טיפולים וקבלות
עבר טיפול גדול לפני חודשיים בחברה
ארבע בולמים חדשים לפני שלושה חודשים
וו גרירה 
מיגון
ארבע צמיגים חדשים שטח מלא
שני מפתחות מהחברה
",https://www.yad2.co.il/vehicles/item/yuo8u9yg,דאצ'יה,116
47996907,38000,נהריה,private,דאסטר,4X4 Laureate ידני דיזל 1.5 (109 כ״ס),2015-06-01,188000,2,2025-03-25,2025-03-27,2025-03-27,private,9.82340862422998,19137.96,"רכב במצב מצויין שמור מטופל בזמן 
הדגם המוצלח דיזל 4*4 
מיגון מלא וו גרירה 
הגבהות של פרדס מאושר ברישיון 
רכב מוכן לשטח למביני עניין 
אצלי כבר 6 שנים 
גמיש לרציניים בלבד ",https://www.yad2.co.il/vehicles/item/btjvp0vx,דאצ'יה,109
57432619,70000,באר שבע,private,דאסטר,4X2 Prestige אוט׳ דיזל 1.5 (109 כ״ס) [2018-2019],2019-12-01,85000,1,2025-03-25,2025-03-27,2025-03-27,private,5.322381930184805,15970.29,"רכב כמו חדש , עם כל התוספות כולל ללא מפתח , מנוע דיזל",https://www.yad2.co.il/vehicles/item/up2jvtuo,דאצ'יה,109
88633658,60000,ראשון לציון,private,דאסטר,4X2 Laureate ידני בנזין 1.3 (131 כ״ס) [2019-2022],2020-10-01,104734,1,2025-02-17,2025-03-27,2025-03-27,private,4.487337440109514,23339.9,"דאצ'יה, דאסטר, בצבע שחור מטאלי, שנת 2020, 104734 ק""מ, יד ראשונה פרטית
עם ספר טיפולים, מטופלת רק במוסך מורשה.",https://www.yad2.co.il/vehicles/item/5tqkwdhf,דאצ'יה,131
84885684,68000,בית יצחק שער חפר,private,דאסטר,4X2 Prestige אוט׳ דיזל 1.5 (109 כ״ס) [2018-2019],2018-10-01,150000,1,2025-02-25,2025-03-27,2025-03-27,private,6.48870636550308,23117.09,"הרכב שמור במצב מצויין, יד 1 , מעט קמ, ללא תאונות, מטופל רק במורשה , 4 מצלמות היקפיות/מצלמת דרך/וו גרירה ברשיון/מגני דלתות/שטיחי גומי כולל בתא המטען",https://www.yad2.co.il/vehicles/item/o0r1r194,דאצ'יה,109
45865290,55000,כפר סבא,private,דאסטר,4X4 Laureate ידני דיזל 1.5 (109 כ״ס),2019-02-01,208000,1,2024-07-13,2025-03-27,2025-03-27,private,6.151950718685832,33810.41,"4x4 ידנית , מיגון תחתון מלא ,4 בולמים חדשים של מונרו , הסטוריית טיפולים מלאה במורשה, טסט עד 5/25",https://www.yad2.co.il/vehicles/item/8zj9htc8,דאצ'יה,109
79653264,22500,גן יבנה,private,דאסטר,4X2 Laureate ידני דיזל 1.5 (109 כ״ס),2015-09-01,250000,2,2025-02-24,2025-03-26,2025-03-26,private,9.571526351813826,26119.14,"רכב טוב, תקין, טסט בזמן.
 וו/תפוח גרירה ברישיון הרכב, מרכב פנאי שטח (מופיע ברישיון). 
כדאי גם במחיר ",https://www.yad2.co.il/vehicles/item/mdrvb9br,דאצ'יה,109
55453604,54000,בית חורון,private,דאסטר,4X4 Laureate ידני דיזל 1.5 (109 כ״ס),2019-02-01,240000,1,2025-02-06,2025-03-26,2025-03-26,private,6.151950718685832,39012.02,"דאסטר דיזל ידני 4.4 
יד שנייה
טסט לשנה 
צמיגים 50 50 
240000 קמ 
היסטורית טיפולים",https://www.yad2.co.il/vehicles/item/z5mqo0c4,דאצ'יה,109
78394718,79900,קרית אתא,commercial,דאסטר,4X2 Laureate ידני דיזל 1.5 (116 כ״ס) [2021-2025],2022-04-01,130000,1,2025-02-03,2025-03-28,2025-03-28,solo,2.9897330595482545,43482.14,"הרכב חדש לחלוטין!!לרציניים בלבד דקאר סוכנות לרכב מוניטין של שנים רבות מבחר גדול של רכבים אפשרות לטרייד אין!!התחייבות לקנייה חוזרת !!התחייבות מלאה לבדיקה!!אפשרות ל100 אחוז מימון ותשלום בשקים כתובתנו דרך חיפה 45 קרית אתא!!לאא בשבת
",https://www.yad2.co.il/vehicles/item/8t4978o7,דאצ'יה,116
87391760,0,ראשון לציון,commercial,דאסטר,4X2 Laureate אוט׳ בנזין 1.3 (150 כ״ס) [2021-2025],2021-10-01,195901,1,2025-03-04,2025-03-28,2025-03-28,platinum,3.488021902806297,56163.92,"דאצ`יה דאסטר ! רכב במצב מעולה ! מטופל בזמן ! דגם LAUREATE ! רכב פנאי-שטח ! רכב מרווח ! מערכת מולטימדיה ! בקרת שיוט !
* **התחייבות בטרייד אין עתידי! *סוכנות מכירה וטרייד אין, גילוי נאות , עד 100 אחוז מימון עד 60 תשלומים !!! סניף ראשל""צ ב-waze רחוב אצ""ל 25",https://www.yad2.co.il/vehicles/item/7gyb0fnp,דאצ'יה,150
81017948,65900,חיפה,commercial,דאסטר,4X2 Laureate אוט׳ בנזין 1.3 (150 כ״ס) [2021-2025],2021-10-01,145000,1,2025-03-05,2025-03-28,2025-03-28,platinum,3.488021902806297,41570.84,"דאציה דסטר שנת 2021 אוטומט !
מנוע 1.3 טורבו בנזין חזק וחסכוני מאוד 
אפשרויות מימון עד 100 אחוז
טרייד אין לכל סוגי הרכבים ",https://www.yad2.co.il/vehicles/item/1d821ogo,דאצ'יה,150
51662756,0,עפולה,commercial,דאסטר,4X2 Prestige אוט׳ דיזל 1.5 (109 כ״ס) [2017-2019],2018-09-01,201422,2,2025-02-02,2025-03-28,2025-03-28,platinum,6.570841889117043,30653.91,"רכב שמור מאוד הדגם המפואר 
במצב מכני וחיצוני מעולים!!
נוסע כחדש רכב אמין נוח חסכוני ומרווח
אפשרות טרייד אין ותנאי מימון עד 100%",https://www.yad2.co.il/vehicles/item/fw64aelz,דאצ'יה,109
81519735,74900,חולון,commercial,דאסטר,4X2 Prestige אוט׳ 1.3 (150 כ״ס) [2021-2025],2021-11-01,100000,1,2025-03-20,2025-03-28,2025-03-28,commercial,3.403148528405202,29384.55,"רכב במצב מצויין שמור ומטופל בזמן. 
תנאי מימון נוחים עד כ100%, התחייבות בבדיקת מנוע, גיר ושילדה. 
אפשרות החלפה וטרייד אחן על הרכב הישן ועוד מגוון מסלולי קנייה נוחים..
גלגלי מגנזיום, מפתח חכם, פנסי ערפל, פנסי חזית לד, וו גרירה, שליטה מלאה מההגה ועוד..
המלאכה 9 חולון",https://www.yad2.co.il/vehicles/item/bd5jwecb,דאצ'יה,150
85864447,76140,,commercial,דאסטר,4X2 Laureate ידני בנזין 1.3 (131 כ״ס) [2021-2025],2022-01-01,96126,1,2025-03-10,2025-03-28,2025-03-28,commercial,3.2361396303901437,29703.91,"ArrayArrayדאצ'יה דאסטר החדש לורייט  1332 131 כ""ס ידני 2022",https://www.yad2.co.il/vehicles/item/0kos6clv,דאצ'יה,131
84139277,58900,נתניה,commercial,דאסטר,4X4 Laureate ידני דיזל 1.5 (116 כ״ס),2020-06-01,166000,1,2025-02-16,2025-03-28,2025-03-28,commercial,4.82135523613963,34430.15,יד ראשונה 4+4  דיזל שמורה מאוד ומטופלת כחדשה ג'יפון חזק אמין וחסכוני מאוד + היסטוריה טיפולי מסודרת אפשרות מימון עד 100% התחייבות מלאה בבדיקה פלוס החלפה מחיר סופי,https://www.yad2.co.il/vehicles/item/zov0m1vn,דאצ'יה,116
97653879,74520,,commercial,דאסטר,4X2 Laureate ידני בנזין 1.3 (131 כ״ס) [2021-2025],2022-01-01,69374,1,2025-03-12,2025-03-28,2025-03-28,commercial,3.2361396303901437,21437.27,"ArrayArrayדאצ'יה דאסטר החדש לורייט  1332 131 כ""ס ידני 2022",https://www.yad2.co.il/vehicles/item/dw5oyp5u,דאצ'יה,131
49945804,69990,חיפה,commercial,דאסטר,4X2 Laureate ידני בנזין 1.3 (131 כ״ס) [2021-2025],2022-09-01,92000,1,2025-03-06,2025-03-28,2025-03-28,commercial,2.5708418891170433,35785.94,"אפשרות טרייד אין ומימון.

מאיר זורע 1, חיפה.
וויז: רכב חיפה - סניף חוף כרמל.

דרך ההגנה 26, חיפה.
וויז: טרייד אין רכב חיפה.



",https://www.yad2.co.il/vehicles/item/1ce2pfv5,דאצ'יה,131
45342532,78570,,commercial,דאסטר,4X2 Laureate ידני בנזין 1.3 (131 כ״ס) [2021-2025],2022-01-01,75926,1,2025-03-12,2025-03-28,2025-03-28,commercial,3.2361396303901437,23461.9,"ArrayArrayדאצ'יה דאסטר החדש לורייט  1332 131 כ""ס ידני 2022",https://www.yad2.co.il/vehicles/item/uhxo0q8b,דאצ'יה,131
99630712,0,חדרה,commercial,דאסטר,4X4 Laureate ידני בנזין 1.3 (131 כ״ס),2021-01-01,156000,1,2024-09-02,2025-03-28,2025-03-28,commercial,4.2354551676933605,36831.93,"דאצ'יה דאסטר שנת  2021
אפשרות למימון :
* החל מ: 645X60 ש""ח לחודש  בהלוואת בלון
* החל מ: 875X84 ש""ח לחודש ללא בלון
* החל מ :1134X60 ש""ח לחודש ללא בלון
* ללא מקדמה !!!
* יד 1 מליסינג פרטי
* 1.3 סמ""ק   טורבו בנזין
* ידני
* התחייבות להחלפה עתידית בכל זמן
* מימון עד 100% עד 100 תשלומים ,ללא מזומן ,ללא תאונות
התחייבות לבדיקה,ספר טיפולים ועוד מבחר של עשרות רכבים
מדגמים שונים",https://www.yad2.co.il/vehicles/item/0eb6yl0c,דאצ'יה,131
77651840,77000,,commercial,דאסטר,4X2 Laureate ידני בנזין 1.3 (131 כ״ס) [2021-2025],2022-01-01,28310,1,2025-03-28,2025-03-28,2025-03-28,commercial,3.2361396303901437,8748.08,"פריסבי מציעה מבחר גדול של מכוניות פרטיות מיד ראשונה, כמו מכונית חדשה. שיטת הקניה הבטוחה מאפשרת לך לקנות מכונית בלי דאגות וליהנות משקיפות מלאה, טיפולי 360, היסטוריית טיפולים ועד שנתיים אחריות, פריסה ארצית, בכפוף לתקנון, ט.ל.ח",https://www.yad2.co.il/vehicles/item/8rl1etf8,דאצ'יה,131
81017948,65900,חיפה,commercial,דאסטר,4X2 Laureate אוט׳ בנזין 1.3 (150 כ״ס) [2021-2025],2021-10-01,145000,1,2025-03-05,2025-03-28,2025-03-28,commercial,3.488021902806297,41570.84,"דאציה דסטר שנת 2021 אוטומט !
מנוע 1.3 טורבו בנזין חזק וחסכוני מאוד 
אפשרויות מימון עד 100 אחוז
טרייד אין לכל סוגי הרכבים ",https://www.yad2.co.il/vehicles/item/1d821ogo,דאצ'יה,150
64501746,77748,,commercial,דאסטר,4X2 Laureate ידני דיזל 1.5 (116 כ״ס) [2021-2025],2021-01-01,98789,1,2025-02-11,2025-03-28,2025-03-28,commercial,4.2354551676933605,23324.29,ArrayArrayדאצ'יה דאסטר החדש לורייט 1461 דיזל ידני 2021,https://www.yad2.co.il/vehicles/item/63kst0zq,דאצ'יה,116
69419524,37900,חולון,commercial,דאסטר,4X2 Prestige אוט׳ דיזל 1.5 (109 כ״ס) [2017-2019],2018-02-01,190000,2,2024-11-17,2025-03-28,2025-03-28,commercial,7.151266255989048,26568.72,"רכב במצב מצויין שמור ומטופל הדגם המפואר 
ללא תאונות אוטומט דיזל חסכוני מאוד ואמין 
מבחר של רכבים דאציות 
מבחר של מסחריות טנדרים ומשאיות 
אפשרות למימון עד 100% ועד 84 תשלומים ",https://www.yad2.co.il/vehicles/item/saa6j5hh,דאצ'יה,109
93878568,67720,,commercial,דאסטר,4X2 Laureate אוט׳ בנזין 1.3 (150 כ״ס) [2021-2025],2021-11-01,104963,1,2025-03-14,2025-03-28,2025-03-28,commercial,3.403148528405202,30842.91,"טרייד מוביל. הטרייד אין הרשמי של יבואני הרכב , מגוון רחב של מכוניות מיד פרטית ראשונה , אפשרויות טרייד אין ומימון לרכישת רכב.",https://www.yad2.co.il/vehicles/item/hew8kj0s,דאצ'יה,150
65940087,62000,ירושלים,commercial,דאסטר,4X2 Laureate ידני בנזין 1.3 (131 כ״ס) [2021-2025],2021-06-01,80000,1,2025-03-20,2025-03-28,2025-03-28,commercial,3.8220396988364134,20931.23,"דאצ'יה, דאסטר, בצבע אפור מטאלי, שנת 2021, 80000 ק""מ , מטופל בחברה, גיר רגיל",https://www.yad2.co.il/vehicles/item/qsf4aaik,דאצ'יה,131
86688463,74000,,commercial,דאסטר,4X2 Laureate ידני בנזין 1.3 (131 כ״ס) [2021-2025],2022-01-01,40877,1,2025-03-20,2025-03-28,2025-03-28,commercial,3.2361396303901437,12631.41,"פריסבי מציעה מבחר גדול של מכוניות פרטיות מיד ראשונה, כמו מכונית חדשה. שיטת הקניה הבטוחה מאפשרת לך לקנות מכונית בלי דאגות וליהנות משקיפות מלאה, טיפולי 360, היסטוריית טיפולים ועד שנתיים אחריות, פריסה ארצית, בכפוף לתקנון, ט.ל.ח",https://www.yad2.co.il/vehicles/item/2wmf7zbw,דאצ'יה,131
51662756,0,עפולה,commercial,דאסטר,4X2 Prestige אוט׳ דיזל 1.5 (109 כ״ס) [2017-2019],2018-09-01,201422,2,2025-02-02,2025-03-28,2025-03-28,commercial,6.570841889117043,30653.91,"רכב שמור מאוד הדגם המפואר 
במצב מכני וחיצוני מעולים!!
נוסע כחדש רכב אמין נוח חסכוני ומרווח
אפשרות טרייד אין ותנאי מימון עד 100%",https://www.yad2.co.il/vehicles/item/fw64aelz,דאצ'יה,109
62103491,83000,,commercial,דאסטר,4X2 Laureate אוט׳ בנזין 1.3 (150 כ״ס) [2022-2025],2023-01-01,89070,1,2025-03-20,2025-03-28,2025-03-28,commercial,2.236824093086927,39819.85,"פריסבי מציעה מבחר גדול של מכוניות פרטיות מיד ראשונה, כמו מכונית חדשה. שיטת הקניה הבטוחה מאפשרת לך לקנות מכונית בלי דאגות וליהנות משקיפות מלאה, טיפולי 360, היסטוריית טיפולים ועד שנתיים אחריות, פריסה ארצית, בכפוף לתקנון, ט.ל.ח",https://www.yad2.co.il/vehicles/item/p0pt0dak,דאצ'יה,150
58297400,28000,גבעת שמואל,commercial,דאסטר,4X2 Laureate ידני בנזין 1.2 (125 כ״ס),2016-11-01,135000,2,2025-03-26,2025-03-28,2025-03-28,commercial,8.402464065708418,16066.72,רכב שמור ומטופל ללא תאונות.,https://www.yad2.co.il/vehicles/item/1m8j9ybe,דאצ'יה,125
34076401,68750,,commercial,דאסטר,4X2 Laureate ידני בנזין 1.3 (131 כ״ס) [2021-2025],2022-07-01,53850,1,2025-01-25,2025-03-28,2025-03-28,commercial,2.7405886379192332,19649.06,"טרייד מוביל. הטרייד אין הרשמי של יבואני הרכב , מגוון רחב של מכוניות מיד פרטית ראשונה , אפשרויות טרייד אין ומימון לרכישת רכב.",https://www.yad2.co.il/vehicles/item/ih04biu3,דאצ'יה,131
53290063,110900,חיפה,commercial,דאסטר,Journey אוט׳ 1.3 (150 כ״ס),2024-01-01,49010,1,2025-03-23,2025-03-28,2025-03-28,commercial,1.2375085557837098,39603.77,"***    מגוון מותגי יד שנייה עם היסטוריית טיפולים מלאה ובדיקת קנייה מסודרת
אופציות מימון אטרקטיביות + אפשרות לטרייד אין. ***",https://www.yad2.co.il/vehicles/item/9z1pensi,דאצ'יה,150
38659928,72732,,commercial,דאסטר,4X2 Laureate ידני דיזל 1.5 (116 כ״ס) [2021-2025],2021-01-01,109386,1,2025-02-11,2025-03-28,2025-03-28,commercial,4.2354551676933605,25826.27,ArrayArrayדאצ'יה דאסטר החדש לורייט 1461 דיזל ידני 2021,https://www.yad2.co.il/vehicles/item/6lg2tdya,דאצ'יה,116
75651730,68000,הושעיה,private,דאסטר,4X2 Laureate ידני בנזין 1.3 (131 כ״ס) [2021-2025],2021-04-01,71000,2,2025-03-26,2025-03-27,2025-03-26,private,3.9890485968514717,17798.73,"רכב אמין מרווח מאוד
מטופל שמור מאוד 
גיר ידני 
רכב שני בבית
מלא תוספות מדרגות צד מיני רוח ידיות ניקל כיסוי רכב נגד שמש הכל...",https://www.yad2.co.il/vehicles/item/xcykxwyg,דאצ'יה,131
56484088,28000,מודיעין מכבים רעות,private,דאסטר,4X2 Laureate אוט׳ דיזל 1.5 (109 כ״ס) [2017-2019],2017-11-01,312000,2,2024-12-21,2025-03-27,2025-03-26,private,7.403148528405202,42144.23,"רכב שמור מאוד עם נהג יחיד קבוע! 
הרכב נמכר בגלל חוסר שימוש.
האוטו תמיד מטופל בזמן, עבר עכשיו טיפול 15,000 ק""מ וטסט לשנה מלאה. 
גמיש במחיר אבל לא בלרינה
לרציניים בלבד!!!",https://www.yad2.co.il/vehicles/item/srt336lp,דאצ'יה,109
84715587,63200,חדרה,private,דאסטר,4X4 Laureate ידני בנזין 1.3 (131 כ״ס),2020-01-01,140000,1,2025-03-02,2025-03-26,2025-03-26,private,5.23750855578371,26730.27,שמור מיגון תחתון צמיגים 50 50,https://www.yad2.co.il/vehicles/item/9bxjopsh,דאצ'יה,131
66222618,90000,חורפיש,private,דאסטר,4X2 Prestige אוט׳ 1.3 (150 כ״ס) [2021-2025],2022-02-01,32000,1,2025-02-19,2025-03-26,2025-03-26,private,3.1512662559890487,10154.65,"יד 00 , מטופל בחברה  ק""מ 32000 מתחת לממוצע .
חשוב לציין שהרכב לא ראה שטח לא ראה עבודה חונה בחניה מוצלת .מטופל רק בחברה 
מאבזר בוו גרירה ,חלונות שחורים ,גלגלי מגנזיום מהסוכנות ,מערכת מולטימדיה . 
מתחייב על כל הרכב ,
לבוא לקנות ולנסוע",https://www.yad2.co.il/vehicles/item/6xwgvnj0,דאצ'יה,150
81268791,70000,חדרה,private,דאסטר,4X4 Laureate ידני דיזל 1.5 (114 כ״ס),2021-01-01,122000,2,2025-02-04,2025-03-26,2025-03-26,private,4.2354551676933605,28804.46,"דאצ'יה, דאסטר, בצבע לבן, שנת 2021, 122000 ק""מ
4x4 
צמיגי מקסיס חדשים",https://www.yad2.co.il/vehicles/item/123re4q3,דאצ'יה,114
44293079,70000,בני ברק,private,דאסטר,4X2 Laureate ידני בנזין 1.3 (131 כ״ס) [2021-2025],2022-09-01,27000,1,2025-03-25,2025-03-26,2025-03-25,private,2.5708418891170433,10502.4,"טסט עד 09/25
אחריות יצרן עד 09/27",https://www.yad2.co.il/vehicles/item/87arxtru,דאצ'יה,131
48185499,38000,ראשון לציון,private,דאסטר,4X2 Laureate ידני בנזין 1.3 (131 כ״ס) [2019-2022],2019-09-01,78000,2,2025-03-25,2025-03-26,2025-03-25,private,5.5715263518138265,13999.75,"ללא תאונות
מנוע תקול
גמיש",https://www.yad2.co.il/vehicles/item/1bykmhy0,דאצ'יה,131
68636582,77000,רחובות,private,דאסטר,4X2 Prestige אוט׳ 1.3 (150 כ״ס) [2021-2025],2021-11-01,93800,2,2025-02-23,2025-03-25,2025-03-25,private,3.403148528405202,27562.71,"מחירון לוי יצחק 88,620 ש""ח . רכב מפנק, הדגם המשוכלל. עליה לכביש 11/2021
שמור ומטופל, מצבר חדש",https://www.yad2.co.il/vehicles/item/1u4sim38,דאצ'יה,150
81703011,82575,קרית מוצקין,private,דאסטר,4X2 Laureate ידני דיזל 1.5 (116 כ״ס) [2021-2025],2022-07-01,85000,1,2025-03-25,2025-03-26,2025-03-25,private,2.7405886379192332,31015.23,"רכב מעולה ללא מוסך רק טיפולים
גמיש במחיר",https://www.yad2.co.il/vehicles/item/37y681nv,דאצ'יה,116
83831289,102000,רמת ישי,private,דאסטר,Prestige אוט׳ 1.3 (150 כ״ס) [2022-2025],2022-08-01,58000,2,2025-03-15,2025-03-25,2025-03-25,private,2.6557152635181382,21839.69,"דגם Extreme,1.3 Turbo (150כ""ס) חדש לגמרי,  מטופל במרכז שירות (מוסך) של היבואן בלבד, רמת הגימור אקסטרים במהדורה מוגבלת, עם כל התוספות פנים וחוץ + תפוח גרירה, מצלמת רשת ברוף + מצלמות מובנות הקיפיות כלל הצדדים. מולטימדיה אפל קאר/אנדרואיד. צמיגים חדשים +מצבר חדש הוחלפו לפני חודש. אחריות יצרן (כולל פטור ממכון טסט), עד יולי 2026.  רכב מעולה, כיפי בטירוף, מוכרים כי אינו מותאם למשפחה גדולה, בלי סיפורים :)",https://www.yad2.co.il/vehicles/item/708kv824,דאצ'יה,150
41003741,51000,מודיעין מכבים רעות,private,דאסטר,4X2 Laureate אוט׳ דיזל 1.5 (109 כ״ס) [2018-2019],2019-02-01,188000,2,2025-03-05,2025-03-25,2025-03-25,private,6.151950718685832,30559.41,"רכב מדהים, חסכוני וחזק צמיגים קדמיים חדשים טסט לשנה נמכר עקב קבלת רכב מהעבודה.
רצועת טיימינג הוחלפה לפני 10,000 ק""מ
כולל גגון.",https://www.yad2.co.il/vehicles/item/wroun1um,דאצ'יה,109
69232306,29000,עזריאל,private,דאסטר,4X2 Prestige ידני בנזין 1.2 (125 כ״ס),2015-02-01,146361,2,2025-03-25,2025-03-26,2025-03-25,private,10.151950718685832,14417.03,רכב שמור במצב מצויין כולל מערכת מולטימדיה איכותית ביותר ,https://www.yad2.co.il/vehicles/item/7ksvf42o,דאצ'יה,125
73925736,30000,חיפה,private,דאסטר,4X4 Laureate ידני בנזין 1.2 (125 כ״ס),2017-06-01,190000,2,2025-03-24,2025-03-25,2025-03-24,private,7.822039698836414,24290.34,למכירה דאציה דאסטר טסט לשנה.,https://www.yad2.co.il/vehicles/item/i5wko6p4,דאצ'יה,125
85387301,82000,חדרה,private,דאסטר,4X2 Prestige אוט׳ 1.3 (150 כ״ס) [2021-2025],2022-02-01,142000,1,2025-02-27,2025-03-24,2025-03-24,private,3.1512662559890487,45061.25,"דגם משופר, טיפולים בזמן. מאובזר בוו גרירה, גגון, מגנזיום ועוד הרבה תוספות. רכב שמור,
מומלץ מאוד. 
",https://www.yad2.co.il/vehicles/item/29oi95a5,דאצ'יה,150
45294138,53000,אור עקיבא,private,דאסטר,4X2 Laureate אוט׳ דיזל 1.5 (109 כ״ס) [2018-2019],2018-01-01,120000,2,2025-03-23,2025-03-24,2025-03-23,private,7.236139630390143,16583.43,דטשיה דאסטר 2018 דזל פרטי 2/4 אוטמטי 120000קמ יד שניה  טוספות וו גרירה מובלי מצלמת דרך סטייה מנתיב בקרת ילדים כנפונים  מטופל רק בחברה  ללא תאונות מחיר 53 גמיש ,https://www.yad2.co.il/vehicles/item/kmzaivom,דאצ'יה,109
56699826,0,"בני עי""ש",private,דאסטר,4X2 Laureate אוט׳ בנזין 1.3 (150 כ״ס) [2021-2025],2022-04-01,61000,1,2025-03-23,2025-03-24,2025-03-23,private,2.9897330595482545,20403.16,"רכב שמור מטופל במורשה בלבד (מוסך צמרת אשדוד) לצערי עקב שירות מילואים ממושך יש כמה דברים קוסמטיים קטנים לסדר 
חוץ מזה רכב פיקס נהג יחיד אחרי טיפול 60,000 ",https://www.yad2.co.il/vehicles/item/qah9d9fh,דאצ'יה,150
89161848,90000,עומר,private,דאסטר,4X2 Expression ידני דיזל 1.5 (116 כ״ס),2023-07-01,46333,1,2025-02-25,2025-03-23,2025-03-23,private,1.7412731006160165,26608.69,"רכב במצב מצויין, ללא תאונות, היה מטופל במוסך מורשה.
בבקשה להתקשר עד שעה 16:00",https://www.yad2.co.il/vehicles/item/eesrrb3r,דאצ'יה,116
66420552,80000,מורשת,private,דאסטר,4X2 Laureate ידני בנזין 1.3 (131 כ״ס) [2021-2025],2022-10-01,40000,1,2024-07-30,2025-03-22,2025-03-22,private,2.48870636550308,16072.61,"בס""ד
טסט לשנה
עם הרחבת אחריות גם על המולטימדיה ל5 שנים. מסך 10"" , שטיחוני גומי כולל בתא המטען. מצלמת פרוף קדימה ואחורה 24/7.
נמכר עקב קבלת רכב מהעבודה.",https://www.yad2.co.il/vehicles/item/c3m8xwb0,דאצ'יה,131
62295316,22000,אשדוד,private,דאסטר,4X4 Laureate ידני בנזין 1.2 (125 כ״ס),2016-07-01,240000,2,2024-12-07,2025-03-21,2025-03-21,private,8.739219712525667,27462.41,מצב טוב הכל עובד . טסט ארוך . 4*4 . חיסחוני לא עושה בעיות . שירט אותי 3 שנים . מוכר עקב שידרוג .,https://www.yad2.co.il/vehicles/item/mw5blbqh,דאצ'יה,125
71644623,37000,חדרה,private,דאסטר,4X2 Prestige אוט׳ דיזל 1.5 (109 כ״ס) [2017-2019],2017-07-01,223000,2,2025-03-12,2025-03-21,2025-03-21,private,7.73990417522245,28811.73,רכב במצב מכאני מצויין.דגם משופר גלגלי מגנזיום חלונות ניסגרים בנעילת הרכב סוס עבודה. צריכת דלק 1:20. מטופל בזמן. בבעלותי 3 שנים.,https://www.yad2.co.il/vehicles/item/nht1x6o2,דאצ'יה,109
48116207,76912,,commercial,דאסטר,4X2 Laureate ידני דיזל 1.5 (116 כ״ס) [2021-2025],2021-01-01,98789,1,2025-03-20,2025-03-28,2025-03-28,solo,4.2354551676933605,23324.29,ArrayArrayדאצ'יה דאסטר החדש לורייט 1461 דיזל ידני 2021,https://www.yad2.co.il/vehicles/item/gph9ojwm,דאצ'יה,116
65202853,69990,חיפה,commercial,דאסטר,4X4 Laureate ידני בנזין 1.3 (131 כ״ס),2020-01-01,159000,1,2025-02-09,2025-03-28,2025-03-28,platinum,5.23750855578371,30357.95,"אפשרות טרייד אין ומימון.

מאיר זורע 1, חיפה.
וויז: רכב חיפה - סניף חוף כרמל.

דרך ההגנה 26, חיפה.
וויז: טרייד אין רכב חיפה.",https://www.yad2.co.il/vehicles/item/x5a6wsqf,דאצ'יה,131
53242231,0,עפולה,commercial,דאסטר,4X4 Laureate ידני דיזל 1.5 (109 כ״ס),2019-01-01,155000,1,2025-01-29,2025-03-28,2025-03-28,platinum,6.236824093086927,24852.39,"בלו סקאי חברת הרכב מהמובילות בישראל בפריסה ארצית, בחברתנו תמצאו מגוון גדול של רכבים חדשים ומשומשים אפשרויות מימון עד 100%
בנוסף עסקת ליסינג חשבונית מס מוכרת חודשית אפשרות טרייד אין לכל סוגי הרכבים אחריות ושקיפות מלאה 
כתבותינו בוויז: הבנים 33 עפולה",https://www.yad2.co.il/vehicles/item/4v8t5bnk,דאצ'יה,109
61276699,77000,,commercial,דאסטר,4X2 Laureate ידני בנזין 1.3 (131 כ״ס) [2021-2025],2022-01-01,36826,1,2025-02-20,2025-03-28,2025-03-28,platinum,3.2361396303901437,11379.61,"פריסבי מציעה מבחר גדול של מכוניות פרטיות מיד ראשונה, כמו מכונית חדשה. שיטת הקניה הבטוחה מאפשרת לך לקנות מכונית בלי דאגות וליהנות משקיפות מלאה, טיפולי 360, היסטוריית טיפולים ועד שנתיים אחריות, פריסה ארצית, בכפוף לתקנון, ט.ל.ח",https://www.yad2.co.il/vehicles/item/fmj6ku5k,דאצ'יה,131
76592983,0,עפולה,commercial,דאסטר,4X2 Laureate ידני בנזין 1.3 (131 כ״ס) [2021-2025],2021-08-01,118300,2,2025-02-02,2025-03-28,2025-03-28,commercial,3.6550308008213555,32366.35,"רכב שמור מאוד
הדגם החדש,חסכוני מאוד בדלק אמין מאוד נוח מרווח חסכוני רכב במצב מעולה
התחייבות מלאה בבדיקה 
אפשרות טרייד אין ותנאי מימון נוחים ",https://www.yad2.co.il/vehicles/item/9fuqbkr7,דאצ'יה,131
97239785,73705,,commercial,דאסטר,4X2 Laureate ידני דיזל 1.5 (116 כ״ס) [2021-2025],2021-06-01,110625,1,2024-12-10,2025-03-28,2025-03-28,commercial,3.8220396988364134,28943.97,"טרייד מוביל. הטרייד אין הרשמי של יבואני הרכב , מגוון רחב של מכוניות מיד פרטית ראשונה , אפשרויות טרייד אין ומימון לרכישת רכב.",https://www.yad2.co.il/vehicles/item/bcg8qpbe,דאצ'יה,116
51196538,27500,נתניה,commercial,דאסטר,4X2 Laureate אוט׳ דיזל 1.5 (109 כ״ס) [2017-2019],2018-04-01,220000,2,2024-12-31,2025-03-28,2025-03-28,commercial,6.9897330595482545,31474.74,רכב מצויין! אחרי טיפול ארוך!אפשרויות מימון מהזולות ביותר בישראל . מגוון אפשרויות מימון של עד 100% מימון ללא מקדמה אפשרות של הוראת קבע  ואפשרויות טרייד אין נרחבות על כל כלי הרכב. טסט עד 1.5.25,https://www.yad2.co.il/vehicles/item/um8lahao,דאצ'יה,109
97719687,76140,,commercial,דאסטר,4X2 Laureate ידני בנזין 1.3 (131 כ״ס) [2021-2025],2022-01-01,69079,1,2025-03-10,2025-03-28,2025-03-28,commercial,3.2361396303901437,21346.11,"ArrayArrayדאצ'יה דאסטר החדש לורייט  1332 131 כ""ס ידני 2022",https://www.yad2.co.il/vehicles/item/0k1gb6j2,דאצ'יה,131
46408196,98500,נצרת,commercial,דאסטר,4X2 Prestige אוט׳ 1.3 (150 כ״ס) [2021-2025],2022-07-01,37500,1,2025-03-12,2025-03-28,2025-03-28,commercial,2.7405886379192332,13683.19,"דאסטר  החדש , אוט' דגם פרסטיג' כולל חבילת אקסטרים ( ריפוד משולב עור ג'נטים שחורים ועוד..  רכב  שמור מאוד ומטופל במוסך מורשה , נהג יחיד, פרטי , רכב חזק וחסכוני .נסע רק 37500 .  ",https://www.yad2.co.il/vehicles/item/ylqaylqe,דאצ'יה,150
56295422,63000,,commercial,דאסטר,4X2 Laureate ידני בנזין 1.3 (131 כ״ס) [2019-2022],2020-05-01,110000,2,2025-03-19,2025-03-28,2025-03-28,commercial,4.906228610540725,22420.48,Array,https://www.yad2.co.il/vehicles/item/7hli2wf6,דאצ'יה,131
45104952,34900,ראשון לציון,commercial,דאסטר,4X2 Laureate אוט׳ דיזל 1.5 (109 כ״ס) [2017-2019],2018-08-01,226000,2,2025-01-28,2025-03-28,2025-03-28,commercial,6.655715263518139,33955.78,"דאסטר דיזל אוטומט
הכי מבוקש שיש
שמורה במצב מצויין
התחייבות לתקינות מנוע גיר ושלדה
אפשרות החלפה ומימון עד 100 אחוז
כתובתנו פיק""א 1 ראשון לציון",https://www.yad2.co.il/vehicles/item/1c0w2nr8,דאצ'יה,109
32725486,74000,,commercial,דאסטר,4X2 Laureate ידני בנזין 1.3 (131 כ״ס) [2021-2025],2022-01-01,54896,1,2025-02-28,2025-03-28,2025-03-28,commercial,3.2361396303901437,16963.42,"פריסבי מציעה מבחר גדול של מכוניות פרטיות מיד ראשונה, כמו מכונית חדשה. שיטת הקניה הבטוחה מאפשרת לך לקנות מכונית בלי דאגות וליהנות משקיפות מלאה, טיפולי 360, היסטוריית טיפולים ועד שנתיים אחריות, פריסה ארצית, בכפוף לתקנון, ט.ל.ח",https://www.yad2.co.il/vehicles/item/ulkz60mv,דאצ'יה,131
68089639,79000,עפולה,commercial,דאסטר,4X2 Expression אוט׳ בנזין 1.3 (150 כ״ס),2023-02-01,120000,1,2025-03-27,2025-03-28,2025-03-28,commercial,2.1519507186858315,55763.36,רכב במצב  מצוין.שמור מאוד.תקין.ללא תאונות.מטופל במורשה.התחייבות בבדיקה.צבע מיוחד.אמין וחסכוני.אפשרות למימון מלא.אפשרות להחלפה.,https://www.yad2.co.il/vehicles/item/68gcyvg7,דאצ'יה,150
66800349,83000,,commercial,דאסטר,4X4 Laureate ידני דיזל 1.5 (116 כ״ס),2020-01-01,80552,1,2025-03-15,2025-03-28,2025-03-28,commercial,5.23750855578371,15379.83,דאצ'יה דאסטר LAUREATE טורבו דיזל ידני,https://www.yad2.co.il/vehicles/item/985ki8gd,דאצ'יה,116
44362813,65000,כרמיאל,commercial,דאסטר,4X2 Laureate אוט׳ בנזין 1.3 (150 כ״ס) [2021-2025],2021-11-01,140000,1,2025-03-06,2025-03-28,2025-03-28,commercial,3.403148528405202,41138.37,"הרכב שתפס תאוצה בשוק הישראלי ובמחיר אטרקטיבי שעונה לכל כיס.
רכב שמור ומטופל וניראה כחדש.
התחייבות לטרייד אין עתידי. התחייבות בבדיקה. מגוון אפשרויות מימון של עד 100% מימון.",https://www.yad2.co.il/vehicles/item/ub6qvi11,דאצ'יה,150
61276699,77000,,commercial,דאסטר,4X2 Laureate ידני בנזין 1.3 (131 כ״ס) [2021-2025],2022-01-01,36826,1,2025-02-20,2025-03-28,2025-03-28,commercial,3.2361396303901437,11379.61,"פריסבי מציעה מבחר גדול של מכוניות פרטיות מיד ראשונה, כמו מכונית חדשה. שיטת הקניה הבטוחה מאפשרת לך לקנות מכונית בלי דאגות וליהנות משקיפות מלאה, טיפולי 360, היסטוריית טיפולים ועד שנתיים אחריות, פריסה ארצית, בכפוף לתקנון, ט.ל.ח",https://www.yad2.co.il/vehicles/item/fmj6ku5k,דאצ'יה,131
78394718,79900,קרית אתא,commercial,דאסטר,4X2 Laureate ידני דיזל 1.5 (116 כ״ס) [2021-2025],2022-04-01,130000,1,2025-02-03,2025-03-28,2025-03-28,commercial,2.9897330595482545,43482.14,"הרכב חדש לחלוטין!!לרציניים בלבד דקאר סוכנות לרכב מוניטין של שנים רבות מבחר גדול של רכבים אפשרות לטרייד אין!!התחייבות לקנייה חוזרת !!התחייבות מלאה לבדיקה!!אפשרות ל100 אחוז מימון ותשלום בשקים כתובתנו דרך חיפה 45 קרית אתא!!לאא בשבת
",https://www.yad2.co.il/vehicles/item/8t4978o7,דאצ'יה,116
53437823,82200,,commercial,דאסטר,4X2 Laureate ידני בנזין 1.3 (131 כ״ס) [2021-2025],2022-07-01,71000,1,2025-02-13,2025-03-28,2025-03-28,commercial,2.7405886379192332,25906.84,Array,https://www.yad2.co.il/vehicles/item/fy0l888j,דאצ'יה,131
74572331,74900,אבן יהודה,commercial,דאסטר,4X2 Laureate אוט׳ בנזין 1.3 (150 כ״ס) [2021-2025],2021-11-01,56000,1,2025-03-18,2025-03-28,2025-03-28,commercial,3.403148528405202,16455.35,"שמורה מאוד!!!! חיישני רברס , מולטימדיה , מצלמת רברס , גלגלי מגנזיום , אפשרות מימון עד 100% ללא מקדמה בתשלומים נוחים , ניתן לשלם גם בכרטיס אשראי , בנוסף ניתן לבצע החלפה/טרייד אין.",https://www.yad2.co.il/vehicles/item/aytzkjnj,דאצ'יה,150
55387965,62500,,commercial,דאסטר,4X2 Laureate ידני בנזין 1.3 (131 כ״ס) [2019-2022],2020-02-01,122500,1,2025-02-04,2025-03-28,2025-03-28,commercial,5.152635181382615,23774.24,Array,https://www.yad2.co.il/vehicles/item/93dvncnh,דאצ'יה,131
47845897,65900,ראשון לציון,commercial,דאסטר,4X4 Laureate ידני בנזין 1.3 (131 כ״ס),2021-07-01,129000,1,2024-12-19,2025-03-28,2025-03-28,commercial,3.7399041752224504,34492.86,"יד ראשונה פרטי! 4X4 המוצלח! חסכוני במיוחד, שמור מאוד, חסכני ואמין, נוסע מדהים, התחייבות בבדיקה, פריסת תשלומים נוחה, מוזמנים לדף הפייסבוק שלנו אוטו רומי. כתובתינו: פלוטיצקי 9 ראשלצ, אוטו רומי בwaze.",https://www.yad2.co.il/vehicles/item/61427qii,דאצ'יה,131
72355898,102500,,commercial,דאסטר,4X2 Expression ידני בנזין 1.3 (131 כ״ס),2023-07-01,11000,1,2025-01-24,2025-03-28,2025-03-28,commercial,1.7412731006160165,6317.22,Array,https://www.yad2.co.il/vehicles/item/g8btlmkv,דאצ'יה,131
47606069,59900,חיפה,commercial,דאסטר,4X4 Laureate ידני דיזל 1.5 (116 כ״ס),2020-05-01,170000,2,2025-02-24,2025-03-28,2025-03-28,commercial,4.906228610540725,34649.83,"בסד דאציה דאסטר דיזל מודל 2020 יד שנייה עם 170,000 קילומטרים בלבד. רכב עבודה משפחתי זריז ומפנק.שליטה מלאה מההגה,מולטדמיה,חישוקי מגנזיום,מראות חשמליות,פנסי לד וערפל,ועוד המון תוספות.כתובתינו התעשייה 37 קריית אתא. התחייבות מלאה בבדיקה מקיפה ממה.אפשרות לטרייד אין וטרייד  עתידי.אפשרות למימון מלא 100 אחוז.הוראות קבע וכרטיסי אשראי. טופ מוטורס חיפה TOP MOTORS HAIFA.",https://www.yad2.co.il/vehicles/item/xcfo4lop,דאצ'יה,116
46858580,37900,באר שבע,commercial,דאסטר,4X2 Laureate אוט׳ דיזל 1.5 (109 כ״ס) [2017-2019],2018-02-01,204000,2,2025-03-17,2025-03-28,2025-03-28,commercial,7.151266255989048,28526.42,"רכב שמור נוסע מצויין 
דיזל חסכוני וחזק מאוד 
כל הקודם זוכה ",https://www.yad2.co.il/vehicles/item/nzzq3l2e,דאצ'יה,109
43547000,29500,מבואות יריחו,private,דאסטר,4X4 Laureate ידני בנזין 1.2 (125 כ״ס),2016-10-01,168252,2,2024-11-10,2025-03-21,2025-03-21,private,8.487337440109513,19823.88,"רכב מטופל בזמן, אחרי טיפול שנתי גדול, טסט לשנה!
מיגון תחתון מלא RASTA, וו גרירה ברישיון.
קילומטרז נמוך.
אפשר לראות את הרכב גם בירושלים.",https://www.yad2.co.il/vehicles/item/bpyoqyf8,דאצ'יה,125
46607853,57000,חדרה,private,דאסטר,4X2 Laureate ידני דיזל 1.5 (116 כ״ס) [2019-2021],2020-10-01,145000,1,2025-03-20,2025-03-21,2025-03-20,private,4.487337440109514,32313.15,"רכב שמור
רהג יחיד
מצבר חדש
מתחייב בבדיקה
וו גרירה 
היסטורית טיפולים ממלאה",https://www.yad2.co.il/vehicles/item/g8f1byd2,דאצ'יה,116
52819418,50000,אשדוד,private,דאסטר,4X2 Laureate ידני בנזין 1.3 (131 כ״ס) [2019-2022],2019-07-01,64000,1,2025-03-19,2025-03-20,2025-03-19,private,5.7412731006160165,11147.35,"ידני הורכב מנוע חדש, צמיגים חדשים, מערכת 
מולטימדיה 10""
",https://www.yad2.co.il/vehicles/item/vj278d9g,דאצ'יה,131
47654249,81000,מודיעין מכבים רעות,private,דאסטר,4X4 Prestige ידני בנזין 1.3 (150 כ״ס) [2019-2021],2021-02-01,74000,2,2025-03-15,2025-03-19,2025-03-19,private,4.1505817932922655,17828.83,"הדגם המוצלח , מהיר וחזק מאוד ,יכולות שטח מעולות 
טסט לשנה , וו גרירה , מיגון תחתון, צמיגים 50 50 , קודנית מרימי שמשות , שמשות מושחרות 
אוטו מצוין כפריבט וטיולים בסופש ",https://www.yad2.co.il/vehicles/item/n76428r5,דאצ'יה,150
77941521,60000,זכרון יעקב,private,דאסטר,4X2 Prestige אוט׳ דיזל 1.5 (109 כ״ס) [2018-2019],2018-11-01,208000,1,2025-03-12,2025-03-20,2025-03-19,private,6.403832991101985,32480.55,"רכב שמור ומטופל במוסך רנו מורשהבלבד
היסטורית טיפולים שמורה וגלויה
וו גרירה תיקני ברישיון
צבע מטלי, מצלמת דרך, מצלמת חניה אחורית + קדמית.  אימוביליי, מפתח חכם ועוד

",https://www.yad2.co.il/vehicles/item/j9qimhdb,דאצ'יה,109
72138778,76000,מבשרת ציון,private,דאסטר,4X4 Prestige ידני בנזין 1.3 (150 כ״ס) [2019-2021],2020-01-01,70000,2,2025-03-19,2025-03-20,2025-03-19,private,5.23750855578371,13365.13,"4*4 , דגם המפואר , במצב מצויין , מנוע בנזין חזק מתוצרת רנו/מרצדס . כולל מיגון תחתון של אספיר , פשוט תענוג של רכב , נמכר מחוסר ברירה .",https://www.yad2.co.il/vehicles/item/ii03fwuz,דאצ'יה,150
54914067,54900,ג'ת,private,דאסטר,4X2 Laureate ידני דיזל 1.5 (116 כ״ס) [2019-2021],2020-01-01,122000,1,2025-03-19,2025-03-20,2025-03-19,private,5.23750855578371,23293.52,"רכב במצב שמור ,  נהג יחיד , יש וו גרירה מותקן
לבוא לראות ולקחת",https://www.yad2.co.il/vehicles/item/t8a1ayyv,דאצ'יה,116
59504131,73000,זוהר,private,דאסטר,4X4 Laureate ידני דיזל 1.5 (116 כ״ס),2021-01-01,171000,2,2025-01-18,2025-03-18,2025-03-18,private,4.2354551676933605,40373.46,"רכב שמור ביותר. צמיגים חדשים, וו גרירה, גגון, טיפול גדול חסכוני מאוד, טסט לשנה ",https://www.yad2.co.il/vehicles/item/w4v445uz,דאצ'יה,116
45149738,58500,נתניה,private,דאסטר,4X4 Laureate ידני דיזל 1.5 (116 כ״ס),2020-11-01,166000,2,2024-12-29,2025-03-18,2025-03-18,private,4.402464065708419,37706.16,"דאצ'יה, דאסטר, בצבע בז' מטאלי, שנת 2020, 166000 ק""מ וו גרירה",https://www.yad2.co.il/vehicles/item/27snojhn,דאצ'יה,116
71473928,79000,אלעד,private,דאסטר,4X2 Prestige אוט׳ 1.3 (150 כ״ס) [2021-2025],2022-05-01,83000,1,2025-03-18,2025-03-24,2025-03-18,private,2.9075975359342916,28545.9,"רכב שמור במיוחד , נהג יחיד , הדגם המפואר , גלגלי מגנזיום , מפתח חכם .",https://www.yad2.co.il/vehicles/item/p8qcvjp7,דאצ'יה,150
89320230,40000,אחוזת ברק,private,דאסטר,4X2 Laureate אוט׳ דיזל 1.5 (109 כ״ס) [2017-2019],2018-07-01,196000,2,2025-03-06,2025-03-17,2025-03-17,private,6.740588637919234,29077.58,"דאצ'יה, דאסטר, בצבע אפור מטאלי, שנת 2018, 196000 ק""מ
הוחלף גיר לפני כחצי שנה ",https://www.yad2.co.il/vehicles/item/fqa1u8eg,דאצ'יה,109
58219074,17500,ירושלים,private,דאסטר,4X2 Prestige אוט׳ דיזל 1.5 (109 כ״ס) [2017-2019],2017-08-01,302440,2,2025-03-17,2025-03-18,2025-03-17,private,7.655030800821355,39508.66,"הרכב במצב 100% טיפול חדש לכל הרכב
אחרי הטיפול בשבוע הלך המנוע והוא צריך מנוע חדש
אני חייב על כסף אני מוכר בלי מנוע ",https://www.yad2.co.il/vehicles/item/ond8m0fr,דאצ'יה,109
53480765,41500,אילת,private,דאסטר,4X4 Laureate ידני בנזין 1.2 (125 כ״ס),2017-01-01,91000,1,2025-01-10,2025-03-16,2025-03-15,private,8.235455167693361,11049.78,"דאצ'יה, דאסטר, בצבע שחור מטאלי, שנת 2017, 91000 ק""מ
תוספות
באר לד
גגון
מיכל מים
מולטימדייה 11 אינץ' 
גאנטים
וו גרירה
גריל גראנד שירוקי
מגן מנוע",https://www.yad2.co.il/vehicles/item/pxrpm2jt,דאצ'יה,125
56738676,90400,אומץ,private,דאסטר,Prestige אוט׳ 1.3 (150 כ״ס) [2022-2025],2023-05-01,85000,1,2025-02-25,2025-03-14,2025-03-14,private,1.9082819986310746,44542.68,"דאצה דאסטר הדגם המפואר,
מגיע עם וו גרירה 
מצב מכני מעולה
מטופל במוסך מורשה
צמיגים 50/50",https://www.yad2.co.il/vehicles/item/woy0deqy,דאצ'יה,150
75370943,54500,קצרין,private,דאסטר,4X2 Prestige אוט׳ דיזל 1.5 (109 כ״ס) [2018-2019],2018-06-01,204000,1,2025-03-14,2025-03-16,2025-03-14,private,6.822724161533197,29900.08,"דגם PRESTIGE, טורבו דיזל.
 נהגת יחידה. היה מטופל בזמן. שמור מבפנים ומבחוץ, לאחר טיפול 200, טיימינג חדש. גיר ומנוע במצב מצויין. חסכוני מעוד בדלק עושה 1 ל 19 ק""מ . חישוקי מגנזיום, יש טוספת מדרגה בצידי האוטו+ מפתח חכם .חנה בחניה מקורה רוב הזמן. נמצא בקצרין ( אזור הגולן)",https://www.yad2.co.il/vehicles/item/g0mx1amr,דאצ'יה,109
59979278,60000,לוד,private,דאסטר,4X2 Laureate ידני דיזל 1.5 (116 כ״ס) [2019-2021],2020-01-01,150000,2,2025-03-10,2025-03-14,2025-03-14,private,5.23750855578371,28639.57,"רכב אמין וחסכוני בטירוף, שמור בקנאות 
הרכב מאובזר במערכת מולטימדיה שתומכת בCarPlay ובוו גרירה ברישיון 
טופל בזמן תמיד 
מתחייב בבדיקה מנוע, גיר, שילדה",https://www.yad2.co.il/vehicles/item/3xd3obrh,דאצ'יה,116
57313645,35000,באר שבע,private,דאסטר,4X2 Laureate ידני בנזין 1.2 (125 כ״ס),2016-02-01,130000,2,2025-03-13,2025-03-14,2025-03-13,private,9.152635181382614,14203.56,"דאצ'יה, דאסטר, בצבע אפור מטאלי, שנת 2016, 130000 ק""מ, ידני",https://www.yad2.co.il/vehicles/item/ur4qpotd,דאצ'יה,125
84204283,105000,קרית טבעון,private,דאסטר,4X2 Expression ידני דיזל 1.5 (116 כ״ס),2023-10-01,38000,1,2025-02-11,2025-03-13,2025-03-12,private,1.4893908281998631,25513.79,"נהג יחיד רכב שמור ללא תאונות 
עם תוספת גחון",https://www.yad2.co.il/vehicles/item/kdcn6eta,דאצ'יה,116
42877583,72000,כפר אביב,private,דאסטר,4X4 Laureate ידני דיזל 1.5 (116 כ״ס),2020-08-01,123000,2,2023-01-12,2025-03-12,2025-03-12,private,4.654346338124572,26426.91,רכב במצב מצויין שומש כרכב פרטי . יש לרכב וו גרירה יד 01,https://www.yad2.co.il/vehicles/item/vsx5x4uz,דאצ'יה,116
85048249,0,באר שבע,private,דאסטר,4X2 Expression ידני דיזל 1.5 (116 כ״ס),2023-01-01,0,1,2025-02-02,2025-03-12,2025-03-12,private,2.236824093086927,0.0,רכב מצב מצויין,https://www.yad2.co.il/vehicles/item/o6tug0ej,דאצ'יה,116
61204181,72000,נתניה,commercial,דאסטר,4X2 Laureate אוט׳ בנזין 1.3 (150 כ״ס) [2021-2025],2022-01-01,94025,1,2025-02-26,2025-03-28,2025-03-28,solo,3.2361396303901437,29054.68,"יד 00 ישירות מהליסינג של חן חסון רק 94 אלף ק""מ 
גיר אוטומט מנוע בנזין אמין מאוד וחסכוני מאוד 
היסטוריה טיפולים מלאה אחרי טיפול 90 אלף 
טסט לשנה 
אפשרות 100% מימון עד 100 תשלומים 
אפשרות לטרייד אין 
שכטרמן 1 נתניה",https://www.yad2.co.il/vehicles/item/ldqyil6a,דאצ'יה,150
62103491,83000,,commercial,דאסטר,4X2 Laureate אוט׳ בנזין 1.3 (150 כ״ס) [2022-2025],2023-01-01,89070,1,2025-03-20,2025-03-28,2025-03-28,platinum,2.236824093086927,39819.85,"פריסבי מציעה מבחר גדול של מכוניות פרטיות מיד ראשונה, כמו מכונית חדשה. שיטת הקניה הבטוחה מאפשרת לך לקנות מכונית בלי דאגות וליהנות משקיפות מלאה, טיפולי 360, היסטוריית טיפולים ועד שנתיים אחריות, פריסה ארצית, בכפוף לתקנון, ט.ל.ח",https://www.yad2.co.il/vehicles/item/p0pt0dak,דאצ'יה,150
76592983,0,עפולה,commercial,דאסטר,4X2 Laureate ידני בנזין 1.3 (131 כ״ס) [2021-2025],2021-08-01,118300,2,2025-02-02,2025-03-28,2025-03-28,platinum,3.6550308008213555,32366.35,"רכב שמור מאוד
הדגם החדש,חסכוני מאוד בדלק אמין מאוד נוח מרווח חסכוני רכב במצב מעולה
התחייבות מלאה בבדיקה 
אפשרות טרייד אין ותנאי מימון נוחים ",https://www.yad2.co.il/vehicles/item/9fuqbkr7,דאצ'יה,131
47606069,59900,חיפה,commercial,דאסטר,4X4 Laureate ידני דיזל 1.5 (116 כ״ס),2020-05-01,170000,2,2025-02-24,2025-03-28,2025-03-28,platinum,4.906228610540725,34649.83,"בסד דאציה דאסטר דיזל מודל 2020 יד שנייה עם 170,000 קילומטרים בלבד. רכב עבודה משפחתי זריז ומפנק.שליטה מלאה מההגה,מולטדמיה,חישוקי מגנזיום,מראות חשמליות,פנסי לד וערפל,ועוד המון תוספות.כתובתינו התעשייה 37 קריית אתא. התחייבות מלאה בבדיקה מקיפה ממה.אפשרות לטרייד אין וטרייד  עתידי.אפשרות למימון מלא 100 אחוז.הוראות קבע וכרטיסי אשראי. טופ מוטורס חיפה TOP MOTORS HAIFA.",https://www.yad2.co.il/vehicles/item/xcfo4lop,דאצ'יה,116
87716712,95900,חיפה,commercial,דאסטר,4X2 Expression אוט׳ בנזין 1.3 (150 כ״ס),2023-05-01,66000,1,2025-02-13,2025-03-28,2025-03-28,commercial,1.9082819986310746,34586.08,"שמורה אפשרות מימון מלא . מבחר ענק של כלי רכב בכל תקציב ‎כל סוגי הרכב רכבי ספורט יוקרה ‎רכבים משפחתיים קטנים ועוד. ‎מימון עד 100% מגוון רחב של אפשרויות תשלום. ‎אפשרות לטרייד אין בתנאים הוגנים. ‎ב-Car4u רחוב החיטה 1 מפרץ חיפה ליד אצטדיון קריית חיים.
",https://www.yad2.co.il/vehicles/item/d0funhta,דאצ'יה,150
69962997,108000,כרמיאל,commercial,דאסטר,4X2 Expression ידני דיזל 1.5 (116 כ״ס),2023-07-01,52000,1,2025-03-18,2025-03-28,2025-03-28,commercial,1.7412731006160165,29863.21,"דאצ'יה, דאסטר, בצבע לבן שנהב, שנת 2023, 52000 ק""מ",https://www.yad2.co.il/vehicles/item/qom0v17y,דאצ'יה,116
42820406,76000,חיפה,commercial,דאסטר,4X2 Laureate אוט׳ בנזין 1.3 (150 כ״ס) [2021-2025],2022-01-01,89000,1,2025-03-23,2025-03-28,2025-03-28,commercial,3.2361396303901437,27501.9,"הרכב שמור ומטופל לפי הוראות יצרן ללא תאונות במצב נדיר ביותר!!!

אפשרות החלפה + אפשרות מימון עד 100%",https://www.yad2.co.il/vehicles/item/xg1ojjtn,דאצ'יה,150
44412186,36000,באר שבע,commercial,דאסטר,4X2 Laureate אוט׳ דיזל 1.5 (109 כ״ס) [2017-2019],2018-02-01,204000,2,2025-03-18,2025-03-28,2025-03-28,commercial,7.151266255989048,28526.42,"מציאה!!!
דאסטר דיזל אוטומט במחיר מעולה
מימון בתנאים נוחים
פריסבי באר שבע סניף מכתשים, רחוב הסדנא 1
שעות פעילות 8:30-18:00
ערן",https://www.yad2.co.il/vehicles/item/m1oxy18r,דאצ'יה,109
62982093,29000,אור יהודה,commercial,דאסטר,4X2 Laureate אוט׳ דיזל 1.5 (109 כ״ס) [2018-2019],2019-01-01,310000,2,2025-02-18,2025-03-28,2025-03-28,commercial,6.236824093086927,49704.78,"במצב מעולה! כמו חדשה! שמורה מאוד, עם כל התוספות האפשריות מהיצרן, רמת הגימור המפוארת של הדגם, צמיגים ומצבר כמו חדשים, לאחר ניקיון פוליש ווקס לפני מכירה, אפשרויות למימון של 100% עד 100 תשלומים, אפשרויות להחלפה וטרייד-אין בתנאים מעולים, התחייבות לקנייה חוזרת של הרכב בעתיד, הטבות ומבצעים נוספים יינתנו בסניף במעמד המכירה, ניתן להגיע בכתובת: ""החרושת 6 אור יהודה"" , לפרטים נוספים נא להתקשר לפלאפון שבמודעה",https://www.yad2.co.il/vehicles/item/vorc6b65,דאצ'יה,109
77285607,110000,מודיעין מכבים רעות,commercial,דאסטר,Journey אוט׳ 1.3 (150 כ״ס),2024-01-01,48000,1,2025-03-05,2025-03-28,2025-03-28,commercial,1.2375085557837098,38787.61,"מגוון מותגי יד שנייה עם היסטוריית טיפולים ובדיקת קנייה.
אופציות מימון אטרקטיביות + אפשרות לטרייד אין.
באולמות התצוגה של UMI.",https://www.yad2.co.il/vehicles/item/yij8ioz3,דאצ'יה,150
61720049,35900,נתניה,commercial,דאסטר,4X2 Laureate אוט׳ דיזל 1.5 (109 כ״ס) [2017-2019],2017-11-01,230000,2,2025-03-18,2025-03-28,2025-03-28,commercial,7.403148528405202,31067.86,"מצב מצויין מטופל בחברה
אפשרות למימון מלא
אפשרות החלפה",https://www.yad2.co.il/vehicles/item/iejxnk4h,דאצ'יה,109
84877410,32000,עפולה,commercial,דאסטר,4X4 Prestige ידני בנזין 1.2 (125 כ״ס),2016-03-01,140000,2,2024-09-11,2025-03-28,2025-03-28,commercial,9.073237508555783,15429.99,רכב מצוין אמין חזק חסכוני ידני התחייבות בבדיקה אפשרות טרייד אין ומימון עד 100%,https://www.yad2.co.il/vehicles/item/x8a30bki,דאצ'יה,125
76426626,59000,פתח תקווה,commercial,דאסטר,4X2 Laureate ידני בנזין 1.3 (131 כ״ס) [2021-2025],2022-03-01,97000,2,2025-03-06,2025-03-28,2025-03-28,commercial,3.07460643394935,31548.75,"דאצ'יה, דאסטר, בצבע לבן שנהב, שנת 2022, 97000 ק""מ

התחיבות בבדיקה מימון מלא 
אפשרות החלפה , מימון 100%

ספיישל קאר גזית 4 פתח תקווה",https://www.yad2.co.il/vehicles/item/nz11l9st,דאצ'יה,131
77944666,45000,לוד,commercial,דאסטר,4X2 Laureate אוט׳ דיזל 1.5 (109 כ״ס) [2017-2019],2018-03-01,200000,2,2025-03-20,2025-03-28,2025-03-28,commercial,7.0746064339493495,28270.12,"דאצ'יה, דאסטר, בצבע לבן שנהב, שנת 2018, 200000 ק""מ",https://www.yad2.co.il/vehicles/item/ehy95dg5,דאצ'יה,109
61204181,72000,נתניה,commercial,דאסטר,4X2 Laureate אוט׳ בנזין 1.3 (150 כ״ס) [2021-2025],2022-01-01,94025,1,2025-02-26,2025-03-28,2025-03-28,commercial,3.2361396303901437,29054.68,"יד 00 ישירות מהליסינג של חן חסון רק 94 אלף ק""מ 
גיר אוטומט מנוע בנזין אמין מאוד וחסכוני מאוד 
היסטוריה טיפולים מלאה אחרי טיפול 90 אלף 
טסט לשנה 
אפשרות 100% מימון עד 100 תשלומים 
אפשרות לטרייד אין 
שכטרמן 1 נתניה",https://www.yad2.co.il/vehicles/item/ldqyil6a,דאצ'יה,150
41037541,50000,נס ציונה,private,דאסטר,4X2 Laureate אוט׳ דיזל 1.5 (109 כ״ס) [2017-2019],2018-04-01,142000,1,2025-03-11,2025-03-12,2025-03-11,private,6.9897330595482545,20315.51,"דאצ'יה, דאסטר, בצבע אפור, שנת 2018, 142000 ק""מ",https://www.yad2.co.il/vehicles/item/rsh7jhk0,דאצ'יה,109
89570763,45000,בית דגן,private,דאסטר,4X2 Prestige ידני בנזין 1.3 (150 כ״ס),2020-05-01,110000,2,2025-02-04,2025-03-19,2025-03-11,private,4.906228610540725,22420.48,"דאצ'יה, דאסטר, בצבע לבן, שנת 2020, 110000 ק""מ
ליצור קשר טלפוני אין SMS",https://www.yad2.co.il/vehicles/item/q5as7s6k,דאצ'יה,150
49425812,57000,חיפה,private,דאסטר,4X2 Prestige ידני בנזין 1.3 (150 כ״ס),2020-02-01,64000,1,2025-03-11,2025-03-12,2025-03-11,private,5.152635181382615,12420.83,"דאצ'יה, דאסטר, בצבע שחור, שנת 2020, 64000 ק""מ",https://www.yad2.co.il/vehicles/item/c009h2of,דאצ'יה,150
52240760,48000,נצרת,private,דאסטר,4X2 Prestige ידני בנזין 1.3 (150 כ״ס),2020-07-01,175000,1,2025-03-10,2025-03-11,2025-03-10,private,4.739219712525667,36925.91,"הזדמנות לרצינים בלבד , רכב עם נהג יחיד שמור ומטופל כמו חדש , ללא תאונות .",https://www.yad2.co.il/vehicles/item/qwbmsqq4,דאצ'יה,150
59507412,76800,ראש העין,private,דאסטר,4X2 Laureate אוט׳ דיזל 1.5 (109 כ״ס) [2018-2019],2019-01-01,47000,1,2025-02-20,2025-03-10,2025-03-10,private,6.236824093086927,7535.89,"רכב שמור,דיזל אוטומט ,עבר טסט ,טיפול וצמיגים בסוף ינואר,",https://www.yad2.co.il/vehicles/item/x1284ktp,דאצ'יה,109
83027478,45000,ירושלים,private,דאסטר,4X2 Laureate ידני בנזין 1.2 (125 כ״ס),2018-11-01,74000,1,2025-03-09,2025-03-10,2025-03-10,private,6.403832991101985,11555.58,"דאצ'יה, דאסטר, בצבע לבן, שנת 2018, 74000 ק""מ",https://www.yad2.co.il/vehicles/item/15hqinlc,דאצ'יה,125
84338258,87000,אשקלון,private,דאסטר,4X2 Expression אוט׳ בנזין 1.3 (150 כ״ס),2023-08-01,29000,1,2025-03-09,2025-03-24,2025-03-09,private,1.6563997262149213,17507.85,"רכב שמור במצב חדש
מצלמת אבטחה proof 
גגון ועוד תוספות
מתחייב בבדיקה
מחירון 105,000


",https://www.yad2.co.il/vehicles/item/rcd2edw2,דאצ'יה,150
88681885,80000,הרצליה,private,דאסטר,4X2 Prestige ידני דיזל 1.5 (116 כ״ס),2020-12-01,140000,1,2025-01-05,2025-03-07,2025-03-07,private,4.3203285420944555,32404.94,"הרכב מטופל במוסך מרכזי. יש לו תוספות
4 מצלמות צד לחניה
2 מדרגות צד מעוצבות
גגון",https://www.yad2.co.il/vehicles/item/66seulz2,דאצ'יה,116
49669064,69000,כפר קרע,private,דאסטר,4X2 Laureate ידני בנזין 1.3 (131 כ״ס) [2021-2025],2022-11-01,65000,1,2025-03-04,2025-03-06,2025-03-06,private,2.403832991101985,27040.15,"רכב שמור ומטופל בחברה  
גיר ידני מנוע 1300 המוצלח 
יד00",https://www.yad2.co.il/vehicles/item/8vy0lf4k,דאצ'יה,131
56985622,48925,נצרת,private,דאסטר,4X2 Laureate ידני בנזין 1.3 (131 כ״ס) [2019-2022],2019-08-01,160000,1,2025-02-27,2025-03-05,2025-03-06,private,5.6563997262149215,28286.54,"רכב משפחתי שמור במיוחד, טופל במוסך מורשה. 
נהג יחיד, שמירה קפדנית על הרכב, ללא תאונות .
הרכב במצב מצוין, מתאים במיוחד למשפחות שמחפשות אמינות, בטיחות ונוחות. גמיש במחיר",https://www.yad2.co.il/vehicles/item/j4xi83gb,דאצ'יה,131
78631209,68500,כפר קרע,private,דאסטר,4X2 Laureate ידני בנזין 1.3 (131 כ״ס) [2021-2025],2022-11-01,65000,1,2025-03-04,2025-03-05,2025-03-04,private,2.403832991101985,27040.15,"רכב שמור ומטופל בחברה מהיום הראשון 
גיר ידני מנוע 1300 המוצלח ",https://www.yad2.co.il/vehicles/item/wfjgdfdl,דאצ'יה,131
77859061,55000,רחובות,private,דאסטר,4X2 Prestige ידני בנזין 1.3 (150 כ״ס),2019-09-01,90000,2,2025-03-04,2025-03-05,2025-03-04,private,5.5715263518138265,16153.56,"דאסטר 1.3 טורבו בנזין
שמורה כחדשה
90,000 ק""מ
גיר ידני , צמיגים חדשים , קלאץ בן שבוע
",https://www.yad2.co.il/vehicles/item/r3x8jv60,דאצ'יה,150
44415652,58000,נתיבות,private,דאסטר,4X4 Laureate ידני דיזל 1.5 (114 כ״ס),2021-01-01,205000,1,2025-02-11,2025-03-02,2025-03-02,private,4.2354551676933605,48400.94,"רכב פצצה שמור מטופל, ללא תאונות/תיקוני צבע, הכל מקורי , 4 צמיגים חדשים, וו גרירה, מיגון תחתון מלא, יד ראשונה היה אצלי מונית.",https://www.yad2.co.il/vehicles/item/0kt97bqy,דאצ'יה,114
47886403,28000,יבנאל,private,דאסטר,4X4 Laureate ידני דיזל 1.5 (109 כ״ס),2016-06-01,310000,2,2024-12-08,2025-02-28,2025-02-28,private,8.821355236139631,35141.99,"*יד 2 
*310 אלף קילומטר 
*ידיים פרטיות 
*טסט יוני 25 20
*הוחלף מנוע לפני חמש שנים בדאצ'יה מנוע חדש 
*הוחלף קלאץ', קולר שמן, כל המערכת קירור כולל רדיאטור משאבת מים טרמוסטט 
*צמיגים חדשים 
*טיימינג חדש יחד עם המשאבת מים. 
*קפיצים אחוריים מחוזקים 
*וו גרירה ברישיון
*מיגון תחתון מלא

*אוטו מדהים חזק חסכוני בדלק!!!!
זה הדגם הכי מבוקש לבוא לחטוף עכשיו!!!!
טיפה גמיש ליד הרכב",https://www.yad2.co.il/vehicles/item/l1r3i56a,דאצ'יה,109
51641313,79000,כרמיאל,private,דאסטר,4X2 Laureate ידני בנזין 1.3 (131 כ״ס) [2021-2025],2022-03-01,97504,1,2025-02-27,2025-02-28,2025-02-27,private,3.07460643394935,31712.68,"דאציה דאסטר 2022 יד 00 פרטי! 
הרחבת אחריות עד 2027! או 150 אלף ק""מ. 
מנוע 1300 בנזין. 
131 כ""ס. 
גיר ידני. 
4 על 2. 
וו גרירה. 
עם גגון. 
נהג יחיד. 
עשה 97504 ק""מ.  
מטופל במורשה בלבד, 
עבר טיפול 100 אלף במוסך מורשה לפני שבוע. 
טסט עד שנה הבאה מרץ 2026. 
עבר טסט+שולם אגרה. 
מחירון 79 אלף. גמיש במעמד המכירה. 

",https://www.yad2.co.il/vehicles/item/1j2jluc4,דאצ'יה,131
75282883,30000,רחובות,private,דאסטר,4X4 Prestige ידני בנזין 1.2 (125 כ״ס),2017-08-01,220000,2,2024-11-11,2025-03-23,2025-02-26,private,7.655030800821355,28739.27,"רכב מטופל באופן שוטף וקפדני ונמצא ברשותי כבר 4 שנים , מצבר חדש .
הרכב עם  הגבהה ובולמים וקפיצים של mad + koni , גגון פלדה.
",https://www.yad2.co.il/vehicles/item/h0pyvmnk,דאצ'יה,125
65536343,90000,אורים,private,דאסטר,4X4 Expression ידני דיזל 1.5 (114 כ״ס),2023-04-01,150000,1,2025-02-26,2025-02-27,2025-02-26,private,1.9904175222450375,75361.07,"4/4 דיזל. אין דגמים כאלו יותר בחברה.  
עבר טיפולים בחברה כל 10 אלף קמ. 
מחירון 117000
מבקש 90 בגלל הקמ הגבוהה

לאחר טיפול ענק של טיימינג משאבות מים ובולמים לכל הרכב.",https://www.yad2.co.il/vehicles/item/zubxgmea,דאצ'יה,114
76885535,0,טירת כרמל,private,דאסטר,4X2 Laureate ידני בנזין 1.3 (131 כ״ס) [2021-2025],2022-01-01,28000,1,2025-02-26,2025-02-27,2025-02-26,private,3.2361396303901437,8652.28,"שמורה יד ראשונה פרטית
ידנית מצב מעולה וקילומטראז' נמוך ",https://www.yad2.co.il/vehicles/item/7cf3gzsm,דאצ'יה,131
79882236,92000,ראשון לציון,private,דאסטר,4X2 Expression ידני בנזין 1.3 (131 כ״ס),2024-07-01,15000,1,2025-02-04,2025-02-26,2025-02-26,private,0.7392197125256673,20291.67,"דאציה דאסטר 24 ידני כולל תוספות:
מצלמות קידמי אחורי של proof
מרימי שמשות לכל חלונות הרכב
מגיני רוח לכל החלונות, רכב חסכוני ואמין.",https://www.yad2.co.il/vehicles/item/v5kvawsa,דאצ'יה,131
77671683,69000,"פעמי תש""ז",private,דאסטר,4X2 Prestige אוט׳ דיזל 1.5 (109 כ״ס) [2018-2019],2018-07-01,92000,1,2025-02-25,2025-02-26,2025-02-25,private,6.740588637919234,13648.66,"צמיגים חדשים
וו גרירה חדש",https://www.yad2.co.il/vehicles/item/3rqz6e3f,דאצ'יה,109
48436099,70000,נאעורה,private,דאסטר,4X4 Prestige ידני בנזין 1.3 (150 כ״ס) [2019-2021],2021-01-01,104000,1,2025-02-24,2025-02-25,2025-02-24,private,4.2354551676933605,24554.62,"יד 00
בנזין גיר רגיל 4x4 
רכב מצוין 
2021 
כל הקודם זוכה
104km
פרטי 

",https://www.yad2.co.il/vehicles/item/ufufshmi,דאצ'יה,150
89776549,83000,בני ברק,private,דאסטר,4X2 Laureate ידני בנזין 1.3 (131 כ״ס) [2021-2025],2022-09-01,27500,1,2025-02-24,2025-02-25,2025-02-24,private,2.5708418891170433,10696.88,"אחריות יבואן לעוד שנתיים
מטופל בחברה, קילומטרז' נמוך, שמור, נהג יחיד, צמיגים חדשים",https://www.yad2.co.il/vehicles/item/z12yf4d4,דאצ'יה,131
55141294,33400,נתניה,private,דאסטר,4X2 Laureate אוט׳ דיזל 1.5 (109 כ״ס) [2017-2019],2018-08-01,241000,1,2025-02-23,2025-02-24,2025-02-23,private,6.655715263518139,36209.48,"יד ראשונה, הוחלף גיר, מתאים לעבודה.",https://www.yad2.co.il/vehicles/item/v8jwidbw,דאצ'יה,109
77774958,24500,רמת ישי,private,דאסטר,4X2 Laureate ידני דיזל 1.5 (109 כ״ס),2015-02-01,290000,2,2025-02-22,2025-02-23,2025-02-22,private,10.151950718685832,28565.94,"רכב מדהים, מטופל בזמן, אחריי טיפול טיימינג, שמנים, פילטרים.
עבר טסט לפניי שלושה ימים-יש טסט לשנה.
מחליף רכב רק כי צריך שאישתי תיסע על הרכב והוא ידני והיא צריכה אוטומט.. אחרת הייתי נשאר איתו לנצח.
רכב שהוא מציאה",https://www.yad2.co.il/vehicles/item/vubr1rsa,דאצ'יה,109
52658314,88000,חולון,private,דאסטר,4X2 Laureate ידני בנזין 1.3 (131 כ״ס) [2021-2025],2022-10-01,8900,1,2025-02-22,2025-02-23,2025-02-22,private,2.48870636550308,3576.16,"דאציה דאסטר laureate 
10/2022 ידני בנזין 1.3 (131) כ""ס
יד רטשונה 
קילומטראז 8900 ק""מ
גנטים, חלונות כהים, מולטימדיה, מצלמת פרונט+רוורס",https://www.yad2.co.il/vehicles/item/crkqfqen,דאצ'יה,131
82971489,35600,דימונה,private,דאסטר,4X2 Laureate אוט׳ דיזל 1.5 (109 כ״ס) [2017-2019],2017-06-01,265000,2,2025-02-20,2025-02-21,2025-02-20,private,7.822039698836414,33878.63,"רכב שמור ומטופל צמיגים חדשים , וו גרירה דיזל 4*2 ללא אוראה ",https://www.yad2.co.il/vehicles/item/6zp3tqdz,דאצ'יה,109
53855261,45000,רמלה,private,דאסטר,4X4 Prestige ידני דיזל 1.5 (109 כ״ס),2015-01-01,320000,2,2025-02-18,2025-02-19,2025-02-18,private,10.236824093086927,31259.7,"ה דאסטר 4x4 2015 דיזל  ידני 
הוחלף מנוע לפני שבועיים
 קילומטראג' 320 אלף  
טסט עד 06/25 
צמיגים חדשים 50/50",https://www.yad2.co.il/vehicles/item/wwfno9hd,דאצ'יה,109
71454783,32000,עפולה,private,דאסטר,4X4 Prestige ידני דיזל 1.5 (109 כ״ס),2016-09-01,255000,2,2025-02-17,2025-02-18,2025-02-17,private,8.569472963723477,29756.79,"טסט לשנה , תוספת מיגונים של asfir וגגון לרכב",https://www.yad2.co.il/vehicles/item/nrvcvbc9,דאצ'יה,109
55186918,45000,באר שבע,private,דאסטר,4X2 Laureate ידני דיזל 1.5 (116 כ״ס) [2019-2021],2020-08-01,200000,2,2025-02-16,2025-02-17,2025-02-16,private,4.654346338124572,42970.59,"דאצ'יה דאסטר 2020, נהג יחיד, מטופל רק במוסך מורשה, ללא תאונות במצב מצוין!
",https://www.yad2.co.il/vehicles/item/ns79djut,דאצ'יה,116
77445093,82900,נתניה,commercial,דאסטר,4X2 Laureate אוט׳ בנזין 1.3 (150 כ״ס) [2021-2025],2022-01-01,108000,1,2025-02-02,2025-03-28,2025-03-28,solo,3.2361396303901437,33373.1,"שמורה כחדשה במצב מעולה התחייבות לבדיקה ללא תאונות עבר ביטוחי נקי , חישוקי מגנזיום | מסך מולטימדיה | בקרת שיוט | בקרת אקלים | מיזוג מפוצל | תאורת לד | חיישני חנייה | מצלמת רוורס | ועוד המון !!! מימון עד 100% - החלפה וטרייד אין כתובתנו הקדר 13 נתניה , רמי מוטורס סוכנויות רכב לא בשבת !!
",https://www.yad2.co.il/vehicles/item/gkjx749c,דאצ'יה,150
97239785,73705,,commercial,דאסטר,4X2 Laureate ידני דיזל 1.5 (116 כ״ס) [2021-2025],2021-06-01,110625,1,2024-12-10,2025-03-28,2025-03-28,platinum,3.8220396988364134,28943.97,"טרייד מוביל. הטרייד אין הרשמי של יבואני הרכב , מגוון רחב של מכוניות מיד פרטית ראשונה , אפשרויות טרייד אין ומימון לרכישת רכב.",https://www.yad2.co.il/vehicles/item/bcg8qpbe,דאצ'יה,116
55387965,62500,,commercial,דאסטר,4X2 Laureate ידני בנזין 1.3 (131 כ״ס) [2019-2022],2020-02-01,122500,1,2025-02-04,2025-03-28,2025-03-28,platinum,5.152635181382615,23774.24,Array,https://www.yad2.co.il/vehicles/item/93dvncnh,דאצ'יה,131
52458577,69500,רעננה,commercial,דאסטר,4X2 Laureate ידני דיזל 1.5 (116 כ״ס) [2021-2025],2021-05-01,88000,1,2024-07-23,2025-03-28,2025-03-28,platinum,3.9069130732375084,22524.18,"דאסטר חדשה לגמרי,גיר ידני, אחרי טפול וקלאץ קומפלט חדש, רכב שמור ביותר ,חסכוני מאד ,חזק ,מרווח וחסכוני טסט לשנה .
אפשרות למימון 100%,טרייד אין לכל רכב ,חווית קניה נעימה ושקטה.
רכב מעולה לעבודה ולמשפחה כאחד.",https://www.yad2.co.il/vehicles/item/2u9jrvdd,דאצ'יה,116
64208528,47000,כיסופים,private,דאסטר,4X4 Laureate ידני דיזל 1.5 (109 כ״ס),2019-05-01,250000,1,2025-02-16,2025-02-17,2025-02-16,private,5.908281998631074,42313.48,וו גרירה מצלמות מיגון חיישן רוורס ,https://www.yad2.co.il/vehicles/item/wdlnfsof,דאצ'יה,109
78394718,79900,קרית אתא,commercial,דאסטר,4X2 Laureate ידני דיזל 1.5 (116 כ״ס) [2021-2025],2022-04-01,130000,1,2025-02-03,2025-03-28,2025-03-28,solo,2.9897330595482545,43482.14,"הרכב חדש לחלוטין!!לרציניים בלבד דקאר סוכנות לרכב מוניטין של שנים רבות מבחר גדול של רכבים אפשרות לטרייד אין!!התחייבות לקנייה חוזרת !!התחייבות מלאה לבדיקה!!אפשרות ל100 אחוז מימון ותשלום בשקים כתובתנו דרך חיפה 45 קרית אתא!!לאא בשבת
",https://www.yad2.co.il/vehicles/item/8t4978o7,דאצ'יה,116
62657942,89999,נתניה,commercial,דאסטר,4X4 Expression ידני בנזין 1.3 (150 כ״ס),2023-02-01,63000,2,2025-02-11,2025-03-28,2025-03-28,platinum,2.1519507186858315,29275.76,"הרכב זמין באספקה מיידית. דגם אקספריישן עם גפ""מ. מגיע עם התחייבות בבדיקה במכון בדיקה שאתם תבחרו, אפשרות 100% מימון בהוראת קבע או צ'קים גם ללא מקדמה. אפשרות להחלפה וטרייד אין משתלם, בנוסף מתחייבים לטרייד אין עתידי אצלנו. בואו להתרשם במתחם הרכב שלנו מצי רכבים ענק ומגוון. יושבים בכביש 2 - תחנת דלק סונול אמיתי נתניה. חייגו לנציג לקבלת פרטים נוספים, תוכלו לקבל הצעה משתלמת גם לטרייד אין ומימון,חייגו :)",https://www.yad2.co.il/vehicles/item/voer09u3,דאצ'יה,150
48116207,76912,,commercial,דאסטר,4X2 Laureate ידני דיזל 1.5 (116 כ״ס) [2021-2025],2021-01-01,98789,1,2025-03-20,2025-03-28,2025-03-28,platinum,4.2354551676933605,23324.29,ArrayArrayדאצ'יה דאסטר החדש לורייט 1461 דיזל ידני 2021,https://www.yad2.co.il/vehicles/item/gph9ojwm,דאצ'יה,116
53290063,110900,חיפה,commercial,דאסטר,Journey אוט׳ 1.3 (150 כ״ס),2024-01-01,49010,1,2025-03-23,2025-03-28,2025-03-28,platinum,1.2375085557837098,39603.77,"***    מגוון מותגי יד שנייה עם היסטוריית טיפולים מלאה ובדיקת קנייה מסודרת
אופציות מימון אטרקטיביות + אפשרות לטרייד אין. ***",https://www.yad2.co.il/vehicles/item/9z1pensi,דאצ'יה,150
